-- phpMyAdmin SQL Dump
-- version 4.4.15.10
-- https://www.phpmyadmin.net
--
-- Host: localhost
-- Generation Time: 2020-04-09 00:04:44
-- 服务器版本： 5.7.19-log
-- PHP Version: 5.4.45

SET SQL_MODE = "NO_AUTO_VALUE_ON_ZERO";
SET time_zone = "+00:00";


/*!40101 SET @OLD_CHARACTER_SET_CLIENT=@@CHARACTER_SET_CLIENT */;
/*!40101 SET @OLD_CHARACTER_SET_RESULTS=@@CHARACTER_SET_RESULTS */;
/*!40101 SET @OLD_COLLATION_CONNECTION=@@COLLATION_CONNECTION */;
/*!40101 SET NAMES utf8mb4 */;

--
-- Database: `pets`
--

-- --------------------------------------------------------

--
-- 表的结构 `dogProducts`
--

CREATE TABLE IF NOT EXISTS `dogProducts` (
  `id` int(11) NOT NULL,
  `title` text NOT NULL,
  `brand` varchar(255) NOT NULL,
  `classification` varchar(255) NOT NULL,
  `src` mediumtext NOT NULL,
  `price` decimal(5,2) NOT NULL,
  `weight` varchar(64) NOT NULL,
  `lowerShelf` int(11) NOT NULL DEFAULT '1',
  `buyNum` int(64) NOT NULL DEFAULT '0',
  `views` int(64) NOT NULL DEFAULT '0',
  `ctime` timestamp NOT NULL DEFAULT CURRENT_TIMESTAMP,
  `utime` timestamp NOT NULL DEFAULT CURRENT_TIMESTAMP
) ENGINE=InnoDB AUTO_INCREMENT=120 DEFAULT CHARSET=utf8;

--
-- 转存表中的数据 `dogProducts`
--

INSERT INTO `dogProducts` (`id`, `title`, `brand`, `classification`, `src`, `price`, `weight`, `lowerShelf`, `buyNum`, `views`, `ctime`, `utime`) VALUES
(12, '加拿大原装进口枫树大道 枫糖浆鲱鱼马铃薯全犬粮10kg', '枫树大道', '进口狗粮', '/img/dogFood1.jpg', '798.00', '10000g', 1, 1, 0, '2019-11-27 11:21:38', '2019-11-27 11:21:38'),
(15, '加拿大原装进口 爱肯拿Acana 无谷深海鱼配方全犬粮 11.4kg', 'Acana', '进口狗粮', '/img/dogFood2.jpg', '930.00', '11400g', 1, 0, 0, '2019-11-27 11:37:37', '2019-11-27 11:37:37'),
(16, '加拿大原装进口纽顿 无谷低升糖系列 去骨鳟鱼&三文鱼全龄犬粮 1.82kg', '纽顿', '进口狗粮 ', '/img/dogFood3.jpg', '190.00', '1820g', 1, 0, 0, '2019-11-27 11:37:37', '2019-11-27 11:37:37'),
(17, '加拿大原装进口 爱肯拿Acana 无谷深海鱼配方全犬粮 6kg', 'Acana', '进口狗粮', '/img/dogFood4.jpg', '550.00', '6000g', 1, 0, 0, '2019-11-27 11:37:37', '2019-11-27 11:37:37'),
(18, '耐吉斯SOLUTION 比利时版 鸡肉+三文鱼配方幼犬粮 16磅/7.26kg', 'SOLUTION', '进口狗粮', '/img/dogFood5.jpg', '400.00', '7260g', 1, 0, 0, '2019-11-27 11:37:37', '2019-11-27 11:37:37'),
(19, '耐吉斯SOLUTION 比利时版 鸡肉+三文鱼配方成犬粮 16磅/7.26kg', 'SOLUTION', '进口狗粮', '/img/dogFood6.jpg', '390.00', '7260g', 1, 0, 0, '2019-11-27 11:37:37', '2019-11-27 11:37:37'),
(20, '新西兰原装进口爱娣iti 羊肉鹿肉狗粮主食肉干 1kg', 'iti', '进口狗粮', '/img/dogFood7.jpg', '389.00', '1000g', 1, 0, 0, '2019-11-27 11:37:37', '2019-11-27 11:37:37'),
(21, '新西兰原装进口爱娣iti 鸡肉狗粮主食肉干 1kg', 'iti', '进口狗粮', '/img/dogFood8.jpg', '389.00', '1000g', 1, 0, 0, '2019-11-27 11:37:37', '2019-11-27 11:37:37'),
(22, '海尔仕 香酥牛肉味全犬种成犬粮 10kg', '海尔仕', '国产狗粮', '/img/dogFood9.jpg', '109.00', '10000g', 1, 0, 0, '2019-11-27 11:37:37', '2019-11-27 11:37:37'),
(23, '醇粹Purich 金标无麸系列 大型犬幼犬全价粮 15kg', 'Purich', '国产狗粮', '/img/dogFood10.jpg', '498.00', '15000g', 1, 0, 0, '2019-11-27 11:37:37', '2019-11-27 11:37:37'),
(24, '皇家royal canin PR27小型犬成犬专用狗粮2kg', 'royal canin', '国产狗粮', '/img/dogFood11.jpg', '116.00', '2000g', 1, 0, 0, '2019-11-27 11:37:37', '2019-11-27 11:37:37'),
(25, '皇家royal canin MIS30小型犬奶糕/怀孕母犬/哺乳母犬1kg', 'royal canin', '国产狗粮', '/img/dogFood12.jpg', '80.00', '1000g', 1, 0, 0, '2019-11-27 11:37:38', '2019-11-27 11:37:38'),
(26, '伯纳天纯 低敏中大型犬成犬粮 15kg', '伯纳天纯', '国产狗粮', '/img/dogFood13.jpg', '549.00', '15000g', 1, 0, 0, '2019-11-27 11:37:38', '2019-11-27 11:37:38'),
(27, '海洋之星 三文鱼配方 成犬粮 小颗粒 6kg', '海洋之星', '国产狗粮', '/img/dogFood14.jpg', '409.00', '6000g', 1, 0, 0, '2019-11-27 11:37:38', '2019-11-27 11:37:38'),
(28, '比瑞吉 健康型天然粮 大型犬幼犬粮 15kg', '比瑞吉', '国产狗粮', '/img/dogFood15.jpg', '609.00', '15000g', 1, 0, 0, '2019-11-27 11:37:38', '2019-11-27 11:37:38'),
(29, '比瑞吉 健康型天然粮 小型犬全价成犬粮 1.5kg', '比瑞吉', '国产狗粮', '/img/dogFood16.jpg', '99.00', '1500g', 1, 0, 0, '2019-11-27 11:37:38', '2019-11-27 11:37:38'),
(72, '宝路 绿茶口味大型犬成犬洁齿棒 115g', '宝路', '磨牙洁齿', '/img/dogSnacks1.jpg', '15.60', '115g', 1, 0, 0, '2019-11-27 12:18:47', '2019-11-27 12:18:47'),
(73, '宝路 幼犬钙奶棒 60g', '宝路', '磨牙洁齿', '/img/dogSnacks2.jpg', '10.40', '60g', 1, 0, 0, '2019-11-27 12:18:47', '2019-11-27 12:18:47'),
(74, '蒙贝 6月以上中小型犬 天然小龙骨 6片', '蒙贝', '磨牙洁齿', '/img/dogSnacks3.jpg', '26.80', '6片', 1, 0, 0, '2019-11-27 12:18:48', '2019-11-27 12:18:48'),
(75, '美国原装进口 梅里亚 牙口乐犬用口腔清洁棒 XS 14支/盒 161g', '梅里亚', '磨牙洁齿', '/img/dogSnacks4.jpg', '70.00', '161g', 1, 0, 0, '2019-11-27 12:18:48', '2019-11-27 12:18:48'),
(76, '[多件优惠] 蒙贝 自然香酥带肉牛棒骨 S号', '蒙贝 ', '磨牙洁齿', '/img/dogSnacks5.jpg', '22.80', 'S', 1, 0, 0, '2019-11-27 12:18:48', '2019-11-27 12:18:48'),
(77, '[多件优惠] 蒙贝 自然香酥带肉牛棒骨 M号', '蒙贝', '磨牙洁齿', '/img/dogSnacks6.jpg', '26.80', 'M', 1, 0, 0, '2019-11-27 12:18:48', '2019-11-27 12:18:48'),
(78, '蒙贝 手抓牛排狗零食 80g', '蒙贝', '磨牙洁齿', '/img/dogSnacks7.jpg', '14.80', '80g', 1, 0, 0, '2019-11-27 12:18:48', '2019-11-27 12:18:48'),
(79, '蒙贝 品天然牛蹄瓣 8袋盒装', '蒙贝', '磨牙洁齿', '/img/dogSnacks8.jpg', '99.00', '8盒', 1, 0, 0, '2019-11-27 12:18:48', '2019-11-27 12:18:48'),
(80, '禾仕嘉 烘焙嫩羊狗零食 200g', '禾仕嘉', '肉制零食', '/img/dogSnacks9.jpg', '29.00', '200g', 1, 0, 0, '2019-11-27 12:18:48', '2019-11-27 12:18:48'),
(81, '路斯 手工坊系列 高钙牛肉段 200g', '路斯', '肉制零食', '/img/dogSnacks10.jpg', '13.80', '200g', 1, 0, 0, '2019-11-27 12:18:48', '2019-11-27 12:18:48'),
(82, '顽皮Wanpy 醇香牛肉棒 400g', '顽皮Wanpy', '肉制零食', '/img/dogSnacks11.jpg', '19.90', '400g', 1, 0, 0, '2019-11-27 12:18:48', '2019-11-27 12:18:48'),
(83, '[多件优惠] 顽皮Wanpy 犬用香脆牛肝片180g', '顽皮Wanpy', '肉制零食', '/img/dogSnacks12.jpg', '19.90', '180g', 1, 0, 0, '2019-11-27 12:18:48', '2019-11-27 12:18:48'),
(84, '禾仕嘉 远洋鲜鱼狗零食 200g', '禾仕嘉', '肉制零食', '/img/dogSnacks13.jpg', '29.00', '200g', 1, 0, 0, '2019-11-27 12:18:48', '2019-11-27 12:18:48'),
(85, '蒙贝 牛肉菠菜粒 180g', '蒙贝', '肉制零食', '/img/dogSnacks14.jpg', '25.80', '180g', 1, 0, 0, '2019-11-27 12:18:48', '2019-11-27 12:18:48'),
(86, '蒙贝 牛肉地瓜粒狗零食 180g', '蒙贝', '肉制零食', '/img/dogSnacks15.jpg', '25.80', '180g', 1, 0, 0, '2019-11-27 12:18:49', '2019-11-27 12:18:49'),
(87, '禾仕嘉 香醇鸭肉狗零食 200g', '禾仕嘉 ', '肉制零食', '/img/dogSnacks16.jpg', '29.00', '200g', 1, 0, 0, '2019-11-27 12:18:49', '2019-11-27 12:18:49'),
(88, '犬心保 驱虫牛肉块 S 体重11kg以下 6粒/盒', '犬心保', '体内驱虫', '/img/dogCare1.jpg', '180.00', '6粒', 1, 0, 0, '2019-11-27 12:39:12', '2019-11-27 12:39:12'),
(89, '犬心保 驱虫牛肉块 M 体重12-22kg 6粒/盒', '犬心保', '体内驱虫', '/img/dogCare2.jpg', '218.00', '6粒', 1, 0, 0, '2019-11-27 12:39:12', '2019-11-27 12:39:12'),
(90, '雷米高 犬用驱虫一粒清阿苯达唑片 0.2g*4片', '雷米高', '体内驱虫', '/img/dogCare3.jpg', '24.00', '4片', 1, 0, 0, '2019-11-27 12:39:12', '2019-11-27 12:39:12'),
(91, '犬心保 驱虫牛肉块 L 体重23-45kg 6粒/盒', '犬心保', '体内驱虫', '/img/dogCare4.jpg', '268.00', '6盒', 1, 0, 0, '2019-11-27 12:39:12', '2019-11-27 12:39:12'),
(92, '硕腾大宠爱zoetis 犬专用赛拉菌素溶液 0.25ml*6管/盒', 'zoetis', '体内驱虫', '/img/dogCare5.jpg', '432.00', '6管', 1, 0, 0, '2019-11-27 12:39:12', '2019-11-27 12:39:12'),
(93, '拜耳Bayer 犬用拜宠清 6粒装', 'Bayer', '体内驱虫', '/img/dogCare6.jpg', '252.00', '6粒', 1, 0, 0, '2019-11-27 12:39:12', '2019-11-27 12:39:12'),
(94, '佰美 新型宠物康2合1犬用驱虫片 2片/盒', '佰美', '体内驱虫', '/img/dogCare7.jpg', '9.00', '2片', 1, 0, 0, '2019-11-27 12:39:12', '2019-11-27 12:39:12'),
(95, '新宠之康 宠物吡喹酮体内驱虫片 6粒', '新宠之康', '体内驱虫', '/img/dogCare8.jpg', '35.00', '6粒', 1, 0, 0, '2019-11-27 12:39:13', '2019-11-27 12:39:13'),
(96, '法国维克 爱乐滴 犬用皮肤修复剂 6支/盒 4ml/10kg以上 整盒', '维克', '皮肤护理', '/img/dogCare9.jpg', '208.00', '6支', 1, 0, 0, '2019-11-27 12:46:03', '2019-11-27 12:46:03'),
(97, '德美丝 Dermoscent 扑敏7号 霜剂 50ml/ 瓶', 'Dermoscent', '皮肤护理', '/img/dogCare10.jpg', '220.00', '50ml', 1, 0, 0, '2019-11-27 12:46:03', '2019-11-27 12:46:03'),
(98, '德美丝Dermoscent 犬用派奥点皮肤净化滴剂 4支*0.6ml', 'Dermoscent', '皮肤护理', '/img/dogCare11.jpg', '298.00', '4支', 1, 0, 0, '2019-11-27 12:46:03', '2019-11-27 12:46:03'),
(99, '德美丝Dermoscent 犬用佰欧宝皮肤滋养膏 50ml', 'Dermoscent', '皮肤护理', '/img/dogCare12.jpg', '220.00', '50ml', 1, 0, 0, '2019-11-27 12:46:03', '2019-11-27 12:46:03'),
(100, '德美丝 Dermoscent 犬用派奥点皮肤净化滴剂 4支*1.2ml', 'Dermoscent', '皮肤护理', '/img/dogCare13.jpg', '340.00', '4支', 1, 0, 0, '2019-11-27 12:46:03', '2019-11-27 12:46:03'),
(101, '德美丝 Dermoscent 犬用派奥点皮肤净化滴剂 4支*2.4ml', 'Dermoscent', '皮肤护理', '/img/dogCare14.jpg', '380.00', '4支', 1, 0, 0, '2019-11-27 12:46:03', '2019-11-27 12:46:03'),
(102, '德美丝 Dermoscent 犬用黄金点皮肤修复滴剂 4支*0.6ml', 'Dermoscent', '皮肤护理', '/img/dogCare15.jpg', '239.00', '4支', 1, 0, 0, '2019-11-27 12:46:03', '2019-11-27 12:46:03'),
(103, '德美丝 Dermoscent 扑敏7号微乳化皮肤喷剂 75ml', 'Dermoscent', '皮肤护理', '/img/dogCare16.jpg', '272.00', '75ml', 1, 0, 0, '2019-11-27 12:46:03', '2019-11-27 12:46:03'),
(104, '波波BOBO 犬用悬挂式宠物带壶饮水头 350ml', 'BOBO', '狗狗餐具', '/img/dogProducts1.jpg', '12.00', '350ml', 1, 0, 0, '2019-11-27 13:47:17', '2019-11-27 13:47:17'),
(105, '波波BOBO 犬用奶瓶套装 送奶嘴和刷子 120ml', 'BOBO', '狗狗餐具', '/img/dogProducts2.jpg', '10.00', '120ml', 1, 0, 0, '2019-11-27 13:47:17', '2019-11-27 13:47:17'),
(106, '波波BOBO 不锈钢狗狗饮水头', 'BOBO', '狗狗餐具', '/img/dogProducts3.jpg', '12.80', '1个', 1, 0, 0, '2019-11-27 13:47:17', '2019-11-27 13:47:17'),
(107, '美国DEXAS 夹粮食袋粮勺 大号粉色', 'DEXAS', '狗狗餐具', '/img/dogProducts4.jpg', '46.00', '1个', 1, 0, 0, '2019-11-27 13:47:17', '2019-11-27 13:47:17'),
(108, '意大利原装进口United Pets 聚丙烯Dasiy狗碗 亮蓝中号直径25cm', 'United Pets', '狗狗餐具', '/img/dogProducts5.jpg', '115.00', '25cm', 1, 0, 0, '2019-11-27 13:47:17', '2019-11-27 13:47:17'),
(109, '意大利原装进口United Pets 狗狗Pappy碗 小号荧光绿直径18cm', 'United Pets', '狗狗餐具', '/img/dogProducts6.jpg', '90.00', '18cm', 1, 0, 0, '2019-11-27 13:47:18', '2019-11-27 13:47:18'),
(110, '意大利原装进口United Pets 狗狗蝶形双碗 绿色30*15*10cm', 'United Pets', '狗狗餐具', '/img/dogProducts7.jpg', '98.00', '30*15*10cm', 1, 0, 0, '2019-11-27 13:47:18', '2019-11-27 13:47:18'),
(111, '意大利原装进口United Pets 聚丙烯橡胶宠物餐垫 中号亮蓝44.8*30cm', 'United Pets', '狗狗餐具', '/img/dogProducts8.jpg', '118.00', '44.8*30cm', 1, 0, 0, '2019-11-27 13:47:18', '2019-11-27 13:47:18'),
(112, '绒域坊 天然棉麻布厚实方窝 红色 S号 51*43*20cm', '绒域坊', '狗狗住所', '/img/dogProducts9.jpg', '58.00', 'S', 1, 0, 0, '2019-11-27 13:47:18', '2019-11-27 13:47:18'),
(113, '爱丽思IRIS 豪华房型狗窝笼子 HCA-900 大号 蓝色', 'IRIS', '狗狗住所', '/img/dogProducts10.jpg', '588.00', 'L', 1, 0, 0, '2019-11-27 13:47:18', '2019-11-27 13:47:18'),
(114, '爱丽思IRIS 豪华宠物房子 中号 红色', 'IRIS', '狗狗住所', '/img/dogProducts11.jpg', '458.00', 'M', 1, 0, 0, '2019-11-27 13:47:18', '2019-11-27 13:47:18'),
(115, '爱丽思IRIS 宠物围栏 H-908 白色', 'IRIS', '狗狗住所', '/img/dogProducts12.jpg', '578.00', '160*160*86cm', 1, 0, 0, '2019-11-27 13:47:19', '2019-11-27 13:47:19'),
(116, '爱丽思IRIS 彩色宠物围栏 STS-600TN 桃色', 'IRIS', '狗狗住所', '/img/dogProducts13.jpg', '458.00', '93*64*63cm', 1, 0, 0, '2019-11-27 13:47:19', '2019-11-27 13:47:19'),
(117, '爱丽思IRIS STS-600系列围栏屋顶 小号 蓝色', 'IRIS', '狗狗住所', '/img/dogProducts14.jpg', '89.00', '87*57cm', 1, 0, 0, '2019-11-27 13:47:19', '2019-11-27 13:47:19'),
(118, '爱丽思IRIS 彩色宠物围栏 STS-600TF 蓝色', 'IRIS', '狗狗住所', '/img/dogProducts15.jpg', '698.00', '93*64*63cm', 1, 0, 0, '2019-11-27 13:47:19', '2019-11-27 13:47:19'),
(119, '爱丽思IRIS 彩色宠物围栏 STS-1200T 大号 桃色', 'IRIS', '狗狗住所', '/img/dogProducts16.jpg', '528.00', '113*78.7*65.4cm', 1, 0, 0, '2019-11-27 13:47:19', '2019-11-27 13:47:19');

-- --------------------------------------------------------

--
-- 表的结构 `dogSnacks`
--

CREATE TABLE IF NOT EXISTS `dogSnacks` (
  `id` int(11) NOT NULL,
  `title` varchar(255) NOT NULL,
  `brand` varchar(255) NOT NULL,
  `classification` varchar(255) NOT NULL,
  `base64` mediumtext NOT NULL,
  `price` float NOT NULL,
  `weight` varchar(255) NOT NULL,
  `lowerShelf` int(11) NOT NULL DEFAULT '1',
  `views` int(64) NOT NULL DEFAULT '0',
  `ctime` timestamp NOT NULL DEFAULT CURRENT_TIMESTAMP,
  `utime` timestamp NOT NULL DEFAULT CURRENT_TIMESTAMP
) ENGINE=InnoDB AUTO_INCREMENT=5 DEFAULT CHARSET=utf8;

--
-- 转存表中的数据 `dogSnacks`
--

INSERT INTO `dogSnacks` (`id`, `title`, `brand`, `classification`, `base64`, `price`, `weight`, `lowerShelf`, `views`, `ctime`, `utime`) VALUES
(3, '宝路 绿茶口味大型犬成犬洁齿棒 115g', '宝路', '磨牙洁牙', 'data:image/jpeg;base64,/9j/4AAQSkZJRgABAQAAAQABAAD/4gxYSUNDX1BST0ZJTEUAAQEAAAxITGlubwIQAABtbnRyUkdCIFhZWiAHzgACAAkABgAxAABhY3NwTVNGVAAAAABJRUMgc1JHQgAAAAAAAAAAAAAAAQAA9tYAAQAAAADTLUhQICAAAAAAAAAAAAAAAAAAAAAAAAAAAAAAAAAAAAAAAAAAAAAAAAAAAAAAAAAAAAAAABFjcHJ0AAABUAAAADNkZXNjAAABhAAAAGx3dHB0AAAB8AAAABRia3B0AAACBAAAABRyWFlaAAACGAAAABRnWFlaAAACLAAAABRiWFlaAAACQAAAABRkbW5kAAACVAAAAHBkbWRkAAACxAAAAIh2dWVkAAADTAAAAIZ2aWV3AAAD1AAAACRsdW1pAAAD+AAAABRtZWFzAAAEDAAAACR0ZWNoAAAEMAAAAAxyVFJDAAAEPAAACAxnVFJDAAAEPAAACAxiVFJDAAAEPAAACAx0ZXh0AAAAAENvcHlyaWdodCAoYykgMTk5OCBIZXdsZXR0LVBhY2thcmQgQ29tcGFueQAAZGVzYwAAAAAAAAASc1JHQiBJRUM2MTk2Ni0yLjEAAAAAAAAAAAAAABJzUkdCIElFQzYxOTY2LTIuMQAAAAAAAAAAAAAAAAAAAAAAAAAAAAAAAAAAAAAAAAAAAAAAAAAAAAAAAAAAAAAAAAAAWFlaIAAAAAAAAPNRAAEAAAABFsxYWVogAAAAAAAAAAAAAAAAAAAAAFhZWiAAAAAAAABvogAAOPUAAAOQWFlaIAAAAAAAAGKZAAC3hQAAGNpYWVogAAAAAAAAJKAAAA+EAAC2z2Rlc2MAAAAAAAAAFklFQyBodHRwOi8vd3d3LmllYy5jaAAAAAAAAAAAAAAAFklFQyBodHRwOi8vd3d3LmllYy5jaAAAAAAAAAAAAAAAAAAAAAAAAAAAAAAAAAAAAAAAAAAAAAAAAAAAAAAAAAAAAABkZXNjAAAAAAAAAC5JRUMgNjE5NjYtMi4xIERlZmF1bHQgUkdCIGNvbG91ciBzcGFjZSAtIHNSR0IAAAAAAAAAAAAAAC5JRUMgNjE5NjYtMi4xIERlZmF1bHQgUkdCIGNvbG91ciBzcGFjZSAtIHNSR0IAAAAAAAAAAAAAAAAAAAAAAAAAAAAAZGVzYwAAAAAAAAAsUmVmZXJlbmNlIFZpZXdpbmcgQ29uZGl0aW9uIGluIElFQzYxOTY2LTIuMQAAAAAAAAAAAAAALFJlZmVyZW5jZSBWaWV3aW5nIENvbmRpdGlvbiBpbiBJRUM2MTk2Ni0yLjEAAAAAAAAAAAAAAAAAAAAAAAAAAAAAAAAAAHZpZXcAAAAAABOk/gAUXy4AEM8UAAPtzAAEEwsAA1yeAAAAAVhZWiAAAAAAAEwJVgBQAAAAVx/nbWVhcwAAAAAAAAABAAAAAAAAAAAAAAAAAAAAAAAAAo8AAAACc2lnIAAAAABDUlQgY3VydgAAAAAAAAQAAAAABQAKAA8AFAAZAB4AIwAoAC0AMgA3ADsAQABFAEoATwBUAFkAXgBjAGgAbQByAHcAfACBAIYAiwCQAJUAmgCfAKQAqQCuALIAtwC8AMEAxgDLANAA1QDbAOAA5QDrAPAA9gD7AQEBBwENARMBGQEfASUBKwEyATgBPgFFAUwBUgFZAWABZwFuAXUBfAGDAYsBkgGaAaEBqQGxAbkBwQHJAdEB2QHhAekB8gH6AgMCDAIUAh0CJgIvAjgCQQJLAlQCXQJnAnECegKEAo4CmAKiAqwCtgLBAssC1QLgAusC9QMAAwsDFgMhAy0DOANDA08DWgNmA3IDfgOKA5YDogOuA7oDxwPTA+AD7AP5BAYEEwQgBC0EOwRIBFUEYwRxBH4EjASaBKgEtgTEBNME4QTwBP4FDQUcBSsFOgVJBVgFZwV3BYYFlgWmBbUFxQXVBeUF9gYGBhYGJwY3BkgGWQZqBnsGjAadBq8GwAbRBuMG9QcHBxkHKwc9B08HYQd0B4YHmQesB78H0gflB/gICwgfCDIIRghaCG4IggiWCKoIvgjSCOcI+wkQCSUJOglPCWQJeQmPCaQJugnPCeUJ+woRCicKPQpUCmoKgQqYCq4KxQrcCvMLCwsiCzkLUQtpC4ALmAuwC8gL4Qv5DBIMKgxDDFwMdQyODKcMwAzZDPMNDQ0mDUANWg10DY4NqQ3DDd4N+A4TDi4OSQ5kDn8Omw62DtIO7g8JDyUPQQ9eD3oPlg+zD88P7BAJECYQQxBhEH4QmxC5ENcQ9RETETERTxFtEYwRqhHJEegSBxImEkUSZBKEEqMSwxLjEwMTIxNDE2MTgxOkE8UT5RQGFCcUSRRqFIsUrRTOFPAVEhU0FVYVeBWbFb0V4BYDFiYWSRZsFo8WshbWFvoXHRdBF2UXiReuF9IX9xgbGEAYZRiKGK8Y1Rj6GSAZRRlrGZEZtxndGgQaKhpRGncanhrFGuwbFBs7G2MbihuyG9ocAhwqHFIcexyjHMwc9R0eHUcdcB2ZHcMd7B4WHkAeah6UHr4e6R8THz4faR+UH78f6iAVIEEgbCCYIMQg8CEcIUghdSGhIc4h+yInIlUigiKvIt0jCiM4I2YjlCPCI/AkHyRNJHwkqyTaJQklOCVoJZclxyX3JicmVyaHJrcm6CcYJ0kneierJ9woDSg/KHEooijUKQYpOClrKZ0p0CoCKjUqaCqbKs8rAis2K2krnSvRLAUsOSxuLKIs1y0MLUEtdi2rLeEuFi5MLoIuty7uLyQvWi+RL8cv/jA1MGwwpDDbMRIxSjGCMbox8jIqMmMymzLUMw0zRjN/M7gz8TQrNGU0njTYNRM1TTWHNcI1/TY3NnI2rjbpNyQ3YDecN9c4FDhQOIw4yDkFOUI5fzm8Ofk6Njp0OrI67zstO2s7qjvoPCc8ZTykPOM9Ij1hPaE94D4gPmA+oD7gPyE/YT+iP+JAI0BkQKZA50EpQWpBrEHuQjBCckK1QvdDOkN9Q8BEA0RHRIpEzkUSRVVFmkXeRiJGZ0arRvBHNUd7R8BIBUhLSJFI10kdSWNJqUnwSjdKfUrESwxLU0uaS+JMKkxyTLpNAk1KTZNN3E4lTm5Ot08AT0lPk0/dUCdQcVC7UQZRUFGbUeZSMVJ8UsdTE1NfU6pT9lRCVI9U21UoVXVVwlYPVlxWqVb3V0RXklfgWC9YfVjLWRpZaVm4WgdaVlqmWvVbRVuVW+VcNVyGXNZdJ114XcleGl5sXr1fD19hX7NgBWBXYKpg/GFPYaJh9WJJYpxi8GNDY5dj62RAZJRk6WU9ZZJl52Y9ZpJm6Gc9Z5Nn6Wg/aJZo7GlDaZpp8WpIap9q92tPa6dr/2xXbK9tCG1gbbluEm5rbsRvHm94b9FwK3CGcOBxOnGVcfByS3KmcwFzXXO4dBR0cHTMdSh1hXXhdj52m3b4d1Z3s3gReG54zHkqeYl553pGeqV7BHtje8J8IXyBfOF9QX2hfgF+Yn7CfyN/hH/lgEeAqIEKgWuBzYIwgpKC9INXg7qEHYSAhOOFR4Wrhg6GcobXhzuHn4gEiGmIzokziZmJ/opkisqLMIuWi/yMY4zKjTGNmI3/jmaOzo82j56QBpBukNaRP5GokhGSepLjk02TtpQglIqU9JVflcmWNJaflwqXdZfgmEyYuJkkmZCZ/JpomtWbQpuvnByciZz3nWSd0p5Anq6fHZ+Ln/qgaaDYoUehtqImopajBqN2o+akVqTHpTilqaYapoum/adup+CoUqjEqTepqaocqo+rAqt1q+msXKzQrUStuK4trqGvFq+LsACwdbDqsWCx1rJLssKzOLOutCW0nLUTtYq2AbZ5tvC3aLfguFm40blKucK6O7q1uy67p7whvJu9Fb2Pvgq+hL7/v3q/9cBwwOzBZ8Hjwl/C28NYw9TEUcTOxUvFyMZGxsPHQce/yD3IvMk6ybnKOMq3yzbLtsw1zLXNNc21zjbOts83z7jQOdC60TzRvtI/0sHTRNPG1EnUy9VO1dHWVdbY11zX4Nhk2OjZbNnx2nba+9uA3AXcit0Q3ZbeHN6i3ynfr+A24L3hROHM4lPi2+Nj4+vkc+T85YTmDeaW5x/nqegy6LzpRunQ6lvq5etw6/vshu0R7ZzuKO6070DvzPBY8OXxcvH/8ozzGfOn9DT0wvVQ9d72bfb794r4Gfio+Tj5x/pX+uf7d/wH/Jj9Kf26/kv+3P9t////2wBDAAMCAgICAgMCAgIDAwMDBAYEBAQEBAgGBgUGCQgKCgkICQkKDA8MCgsOCwkJDRENDg8QEBEQCgwSExIQEw8QEBD/2wBDAQMDAwQDBAgEBAgQCwkLEBAQEBAQEBAQEBAQEBAQEBAQEBAQEBAQEBAQEBAQEBAQEBAQEBAQEBAQEBAQEBAQEBD/wAARCADIAMgDAREAAhEBAxEB/8QAHQABAAICAwEBAAAAAAAAAAAAAAEIBgcEBQkDAv/EAFEQAAEDAwMCAwMFCgkICwEAAAECAwQABREGBxIhMQgTQSJRcRQyYZTSFRYXGCNSU4GRoSQzQlRiY4KStAk0RHKxsrPBJSY2Q0VkZXR1laPR/8QAHAEBAAEFAQEAAAAAAAAAAAAAAAYBAwQFBwII/8QARxEAAQMCAwQDCgoKAgMBAAAAAQACAwQRBSExBhJBUWFx4RMXIjKRkrHB0fAUFRY2UmJygaHSByM1QlOCorLC4iXxJCZzY//aAAwDAQACEQMRAD8A9U6IlESiJREoiURKIsIvW7ulbDdZNnnNTy/FXwc8tgKTnAPQ8uveoRiW3+FYVVvo5w/eYbGzbjQHLPpW/pdnKyshbPGW2dpc9i4X4dNF4z5Vz+rD7VYPfOwXlJ5o/Msj5J1/Nvl7E/Dpov8AQ3P6sPtU752CcpPN/wBk+Sdfzb5exPw6aL/Q3P6sPtU752C8pPN/2T5J1/Nvl7E/Dpov9Dc/qw+1Tvn4Jyk80fmT5J1/Nvl7FP4c9Gfobn9WH2qp30ME5Seb/snySxDm3y9ifhy0Z+huf1Yfap30ME5Seb/sq/JLEObfL2KPw56M9Wbn9WH2qd8/BOUnm/7KnySxAcW+XsT8Omi/0Nz+rD7VV75+CcpPN7U+SVfzb5exPw6aL/Q3P6sPtU752C8pPNH5k+SVfzb5exc2y7u6Vv11jWeC1cA/KXwbLjASnOCep5dOgrOw3b/CsVq46OAP33mwu2w0JzN+hY9Xs5WUcLp5C2zdbHsWb1N1oEoiURKIlESiJREoiURKIlESiJRFB7UKBVk3M/7eXrP84Hr/AEE18w7Zj/n6r7X+LV1jAf2bD1esrGs5HU9qjF1uFHSiIBRFI+NUPNLLMYu2OoZelVaqQuOGUtKfSyonzFNp6kj07AnFT0fo+rXYQcU7oL7u/u2/dtfXnbotwUdO0sArfgm6dbX6dNOV1iGQeue9c+HQpIoJzXsBUKg1VUUY61XRFk22fTXtlGf9IP8Aw1VJ9jP2/S/aP9rlqMe/Zs3V6wrNjtX08FyYqaIlESiJREoiURKIlESiJREoiURQe1CgVY9zB/18vWR/pA/3E18ybZAfH1V9r/Fq6xgNxhsXV6ysZxUYsFtrlMfRVbBLpge6lkupwPdTJLrIE651QnT/AN7CbmoW/gW+AQnlwPdHPvx+it6dqsW+L/ivuv6q1rWF936O9rbh1ZXstb8T0fwn4XueHe+uV+dtLrouh9Kjtls+hfkgDIr1ZCo6d8V6ACpdRgdsUsEuVk22mBr2yj/zCv8AhqqT7GgfH9L9o/2uWox4/wDGzdXrCs4O1fTYXKCpoiURKIlESiJREoiURKIlESiJRFB7UKBV41vZjddd3sNqwtLwUQT3HBPavmrainkrNoatkeocP7WrqmDyNgwyBzuI9ZXUt6MkuuBCV9T9BrUR4NVSODRb8VnuroWi6yK2bVvygCpZOaluH7FzzjPPyrT1OOxRaLsJOz7qW1FteSkdQD2+NbKo2Bmay4AWJHtHE45rFLjoSbCdKc9vfUKr9naukdbL8VvqfEYJm3XGTpCcpKuDzaFEHiVdQD6ZHqKxafCpw68rQR129qVVTvMtA/ddz3Q4eS49K6+dpDVDSlrZkwlNdOGEFRHv5D/+VvocAoag+MWk8CfXZQfEMX2noSXRiN7BxDDf7xvX8l1xPvc1IGw+5NiBgrKA4I6ynIHbv37dPprYDYyG29vG3P3C0Hy4xu1z3O32D+ZfD7i6iCCVS4QPTA8s4+n1qg2PhPE+XsXkbdY2f4fmn8y6u5OXe3yxBE23OvEZ9kHiOmep9/pj30dshA125vXPX2Kp26xve3bx+afzLvNsLzKb3M0xBkSIq3ZMtxK220KBQA0og5PQ56/sraYFs/T4di9NIHEu3jlfoPQrcm2OJ1tqSfc3X5GzSDz1v0K3I7Cu1heVNESiJREoiURKIlESiJREoiURKIoPahQLROp+X35X59lRDjD6Tn6ClOa+ctoL/H1dIzxmuHks1dQwy3xdTtdoR6yv1pnWFmkut/dFRihRXlx4tpCUof8AIU4oc+SUebhHJSQMqTnAINTbAcMqJ4I6mQCzgDkQctNOvI8itZiA7m5zI8yOg8r20te2eq034hN2tbar1LddvNtLm5FtFijPKnOQXi27KWy2H3FKUQEraCELT5SVclEK79qmz96Mdxh0GvTln/0pRsthWHUNNHiWKZvkI3bg+B4VgRzubXcRYZBV/t2rNydH6gkr0xfbxDuMGQ8hZirekNhfmJcUCGypMgISCEtnIwfSsNskrH7ovcW/BdDqKXBsTow+QMLSCQHANPhZEgGxB49auroHdWzbsbbxNSXN+Ja7635jVwhOkMKSpOVBwIUo4Stvi4Bk4BPuNa7HqJtZSmZo8LjZcbrcOOBYm6miJdCc2OyNxpnbiDccOpdcm7MuOrTGmIdCTg8Fg4+I9K4vVPmo5jFKCCOBBHpW9YxsjQQuU3POB+U/fVWVhI1Xl0A5Lq595tstT8OPIkPSIp/KoiMre8teOy+I4hWMdCQeo7VMsFp8bqWNdTROfGeeQ+4n/pQXaCmwWqc5j5N2UcWgk35OAyJ67HpXawNA6h1JYG7rfrs1YI4aLcZuOoJeWnJIW4pPz1nPocAYACu9dXo8FiZEBVAF1uGnaelQWGg32/rj5MvKef4daxK/WzTO1Nhky7/KlXV2QtbTMhSAXgtSejYOOhPXBI71dfh1FRRue1ltc+PlKumngpIy4+U5lYhtBMZk706R8lCkj5S51UrkT+Tcx+6oRRbpxWnLRxPoK08JBq4yPfVXlHYfCunBShTREoiURKIlESiJREoiURKIlESiKD2oUC0bdeLm42oIy/murCSP7Ca+eMRs/amuidoTb+lq6bS3GD07xwHrK6GxaauE64JYkXhtkxVOqj8UqCFuqll8F5IxySAeHHJGQlY9odZbs7tAGNhoGN3RHkc772d+WWfC6xsRgAa6cC+9b7hu2y9v3aLRW5+pd0dtNeztt5+kZeo47sV9VskQ7m6wZdvkW9EV5boSwELDB4hK1fxalHopJHGcSyyMduAXFudrgi3LO34KTYLhmF4hh7K+SqbDdwDg5geWua8vFvCu0O4j94clxVbqa9k2PUerJG1Gq2J8Z+awuFBkOpiNEzYkl9cl8kYcSWlJK/K5BC0p6hJVXps8haZHMI16tQTfp+5UkwOgiqoqSGtiew7pDiPCPguYA1ttPCvbesSL62Cz/Zm63PdOFcryq4z4r1pvb011T0FT8V4vSUSUxTIWOL5aUhKDx8tSEJQEjok1iT4oYKf4Ra5B49Jvr72yWFtNgYwKeKn8EiSMWAO64brd3eLBm3e1z3gTe51XdxrXNsj0iPIlOSXMobCnFA8G2xxSkEISSO5yR6+4CuDbYY1JiuIX3N0MG6Lm5yJzOQ55ZaLNw+CNkIcOOeQ5/eVyS9MAPlraSr+ST1APpmosJpRxCy3RsIyWY7E6usGkfD8nUtxjSJTtt5pvDcVnzpCpXmcXeSemT5hWTn6TX2LhQiqKaH4NbcLRu8rWXEsDw6fE5o6FpAkcSCXGw3gTvXPO4PWuPqvcm+Ol2TpTbqJBhMvI8663AIZbMZaOQeQr2E5H8oFRI5DoeorYPjjibvyvt78VJX4JhtBF3TEKoA2Pgt4OBtuu1I6Daxtroqo727q6g1bpOPa4EmPenbVcg7dbtaW1CC0T0ZQhZA5rzzJKQUgAEnOa09ZNDVMLYc28eXV0qA7UVtDO4twgOMQtcngevjw6AtkbINz5G8Wj43BHlx3XZWCUghBbUCc9z/J6d/o71B8OY92JQN4C54clrKcONTG3lmr0jsK6QpKpoiURKIlESiJREoiURKIlESiJRFB7UKBaHvK/L3Nvav65P+4mvnDFX7m1tYfrD0NXUaNu9gsHUfSV1d0nO2e9rcbJCSrNaqtrXYXiBcNCVn0sLaulDSu8uMvTGvoESBqh+UhuL5iR8ncShS0uJCVJKikkAgD5pB+mumYNtrTTRCOoKjs+E1NHIZKbjz6NFil22n02ufMFv3GuFus01px5+MmDGfkuznCAt0vONlIb8tDaQ2EHqkkmt3NtRhsbSe6WHVx6+xX6d9Q2NofTh0gIs7ecAGjQboIzvc33uNgF3DVw0tpOzMWDSVmjtWdiQ9JTBhILbaH3XFOLXyIynKlkhIHHsOgAFQLHdsIpWt7mO6MB8VtwAc7Eutca3AtYnXSyzWUVZWzuqKyQmVwAL3G5IAAAtxyFideOpusSkOOBppDxPmDkcE+0EnGM/ryf11ymoe8MYJPGz11tla/33I7VJYmjeJbpl5fey4/mKznPasTfKvbq0lZZuq9sdf6ptjm4F709abqt25W5MRwlqYteSlCjg8OJ9k9j0Hocj6F2ZxuOvwaMMmLHMbukD6QHVxyN+lfNW0eHVmBYxUskkc2N5L2EaEHh0bpyP3Ll3683DU0Rap0K96vktupX/CH3n2y3wPPOfZSAoggkAdDnpWwpnNqJgRG+Y3/euRa3kBB0yzC08bu7HQvPTc8Fii9E69Rf7SdWqj2q13CIpxu2wpKVqeYYWjgl9SPZxlYOAevE5Ayc5u0VfV4VQh5AaXndHRkT6FJsBwR+J1gbV5Rht90fvWIABI4Z3yW3dnbVJibw6Sf+QOuRxcCgTMHgCWHSEH05HGf1fTWmwKb4XVQTBujrE8AbHL79QrWIYRJhOIMjObSbtd0Z5HpHHtV6B2HwrqQWepoiURKIlESiJREoiURKIlESiJRFB7UKBVL391XedIaouFxsj7bTzt1ZjrUtoLBQWSSMH6UjrXDqPDqfE9ta+KpBIAvkbZ2Z7VKNoMWqsI2apJqRwDi4A3F8jvHj1LQW+G+W5tikxpFsukNCHWUrwqA2vrj6amGIbEYNWv35o3E/aIXN6jb7HqCwgkAH2AVjcHXXi0uMOTcbHbG7pDiwWrgZVstjMxlxpxTaUpbWzyS46C6kKaB8xGFckjiaw2fo7wRubY3ee5XBt3thIC5paRa9wxpy6Lano1XE05uv4otYSDFsaYjzokyYRS9CjsFMiPGXJeaPmFPFSWW1qwcDpjOeleu9/g0mW48/zuVun2+2tnNo3N1t4jRmBe2fQFEHc3xST7ld7ZAZiuS7FEbm3BLMKM4GGXFtoQS42pSMkupOOXYKUcBKiLbf0dYI11xG8H7bl7+X2173Oi3m3aLkFjdFzNaa08U+3qbe5rVyyWlN1ZL8Zb6YRC8NqcKDxWTz4p7YIypIzlQo/wDRxgTc3ROz+uVcqNvNsKQAzPY0H6rfJ1rBfxnt4SM/dq3/AP1jVW+93gH8N3nuWu76W038VvmNXW3He/cfUtwYfuMy3PvtsOxkn7ntp/JuY5Dp8Oh7g5xWyodkcLw5u7TBwG813jnVuh9vNa6p25xnEZxNUOaXBrmX3B4r7XH4Zclt7xHeM+36y0VZ9I7eMyUPuBl28uzY4DZ8tI/IBB6OArGVHsQAOuamFa9lXC6C5AcLGxsbdB4da2NVtM1jWGjzdcE7wuMuFjrn9y0VpbebXaZii1Jt6CGlJSBCSQhOc8UgnCRnrhIArQT7P0tWxkVQ572s0BeTZVpdsMThkc+HcaTrZg9x91larwk6svWs9xLM/f323VRLmnyfLaDYGY7nXA7nqetRqahiwfaKhhpLhr964JJva/NTzCK6XaHCKmbELOdE5paQALZdHO69Dh2FdVC1imiJREoiURKIlESiJREoiURKIlEUHtQoFS/xUKCLxNJOB93GB3/qFVxzBPnziH2fyLbbafNSj+2PQ9Vr3/Shyz2t/mjkY4AyenSuny8FxnE/FaVkWmN69rLdLnNy9WMvsTro3HvMy82x9yXc7e3HiBclkMxnB5jj7L6w0+QlPBjpkrNXGStbdb2lxeiiu3fGouXXFxYXIsNb810Wzu8+ktO6L+Q6g3FvlulsXS5Bq2CZNjxnIMtDQ8zMRpxCHWsylISEJHmuJUrKE8T5jkDW5lYuG4tBHG5sstiHOIGYBB6gdMyORX3tviD0dprVOr5DEteooc7S9otESdc/lLjsp2O7GVIbS0viB5ijIdLq0p9pv2eAV1oJQ1xOuS9jG6aCpe4O3xuAA8yNR9+vXov14h9/du94omlrHb1zQhMqJMuk9+IllUILBQ+y3hxfIIQEYRhSU46LWelVmlbIAAreM4vRV8TImHUgk2058+HD8VgytMeHkqSlW5tzbClPBS0NeaG1BTflpx5CStBSXMuAA9EngOoNmzOa1PwfDP4p4++n4/guPZrPsW8pMqXr+4WzktpCmHEF1SGlRElxfmJYCeSZKikJx1bbUepUDVWhnErzDFh5IJkI/wCs87c/wCxC4W7Z122ypjOp7k1OahJcZiurCw/K8ppRbKgwOCOan0cj2LaPz+SfVm2WTHHRFhcHG9shzNh0dfk6Vjen3oL18cVb2ixGcK/KaW6FqQkjoCr1P01UarzGWmQ7uQVw/A+QdwLfhQP/AEmjt/7ZyoVjJ/8AZsO/m9a6tsb+w677TfQvScdhXSArCmqolESiJREoiURKIlESiJREoiURQe1CgWibjM0VB3Qvz2vLfEmQCsJaRJhiSkPcUcVBJScHAV1x6/TXGcHqIqXbmvfMci22l/oKWY46FmzVKZxcbw1F8/CXcXe6+HR2MybzpLT8hlQw0l7TyHAPgC2cV0ybGqCEAyH+k+xc8kmw4Ab7R5vYuoe/FclR3UQtv9IpeUhQbUrSrWArHQn8l78VYGP4UdD/AEn2Ly2TDHaMb5vYtMWbZ/Uy4kZcjU+2El9KEofH3iR0oWfkzqFLSfkvsnziyvGPRXp0N9uLYc/xT/SfYrzY8PcLiNvmj2LJYWz7Tcq4u3Wft4Izsea1E8rRUXLDjjjRjukfJxny0oeTjOD5n0V7OJUAFz6Oxeu40H8Nvmj2L6r0jaEJYaVbdmEvEBK+OhC4Fq9cAIGB+3v6VZONYYDbe/pPsXgtw4ZbjfNHsXwm6MtSWEuLibTMSUDs1oYBjqFAlSSypSsEjjhSeoBOcEK9nF8Obqf6T7FQjDhqxvmj2LoNRz9F2aIl5u0bTKdEZCXmntDn+O4+0UFLOAM9epOQOmM4qjcYw4mwP9J9isOnwqPxmN8zsXRXXc7wlw2WUXWxaXVLS0kSFx9HcW1OAe0UjychJOcA+lZbKykk8X0Kw7FcFi1sP5OxddC3h8ILr6UQrTYQ6TgcdJlJ/b5NXxLCdB+C8sxrBHmzCPMPsWb7Tam221Lu5pd7baNEZjR5C25Yj275GC6W1lOU8U8jx9euO1QTHi120+G7vJ3rU+2fqKaowasNLoC2+VuSueOwrogWmU0RKIlESiJREoiURKIlESiJREoig9qFAqwbqlP373cL7Gc2CcdvyY61wYX+WVdb3yYpFtP816QH6Q/zWK60YdNnhFpXTJ9pJzUkxV29C3d1XLKlh3AVhVk1ZFRdZdhmSgibDcH5NQwooOOKseoIOQfUVopO6QtbIdDx4LEgmZvmInwgtsaeujaIK31KC0IQVgg5BAGa3dC/eYHLcQyANzWPyrtd7m6t5KVqDygEgHAwDWQ+NzzdyxnSPebru9LaamOFUh3zD5ftKUoYBPuFeIqOSWTeIyCv08J1K7W623g0rkn0rIfFu6q8+PJaP3NtrjMVclaOKXM8c91D3ge6rW4W2JWlq4yBcqrGtGvyznxNb6iOSjNYzJYhZMouCD7lj/bW6YtbSZPVvfBgnhuXDT6fdVP+HcqHY0P/AGbDv5vWu57D/sOv+030L0fHYV0cKimqolESiJREoiURKIlESiJREoiURQe1CgVW93Eqc1jfUpdDZEtB5kZCfyQ64rhMfzzrvfgxSHar5rUv2h6HrVOqdTS7TZIcBTvN1bxDSgeih6gH94qYYzStkhbIMrLj81U6Jgbqvjb9I2jW7MXcjUM82WHpKOqTdJ6U5D8Yd2UpHdZOOA9Soj1rBwanNWXwzD9WNT78SrtPRNxBzah2W7qfUtxbK6u2B3psstrbS8P26ZDQpUu0XTi1Lbbxgu8ORCkEd1pJAPQ4NSyHBKQttTZdB9KkUENNO20OXQsA0H4jtM668QNm2V2t0zbL1pYGTFuGoXivzZC2WlrcfikHj5KFISkFQPmEkjA4k5baWEOEAbfmVSMx91ELBccT7FvHc2+wNvokK0wmUKly0qfUSOSkjOBhPqT1x6dKw69nwVoihGZzuq1cgpgGt1K6SyWbUNxtZ1VqxEiDAxmNEd9l+UfQlPTgj49T7vWta3D5GNNRVONuA59itRxyPb3SXIcuJWkN2ZDs11994jJyAB2SPQD3AVqpJS99ytRWHeN1VXWrI8xz9dbmjdoo3WNu0rB7M3m5pR/TFSCPNaemb+tsrc+C4g7kwjn/AMVT/h3KhuNfObDv5vWu47D/ALDr/tN9AXo+Ow+FdJCoVNESiJREoiURKIlESiJREoiURKIoPahQKs+4ZQNwb1y/njf/AA01whoJ2yrvfgxSTab5sUn2h/msJ13svJ13DhRrJLisI85T7iZK1NBhI6qWh1IPADBPUYGO9dADH1TWxt1/C3SuT1WFmr3RGbZ+TqKq74rt+4LlqjbIbZzM2a3kKnTWxgzpGMKdOP5PcIHoCVdCrpsKOnjjYGs8Rv8AUefVy8qy5ntijFPFoNelaChWi62Oxszpcp2OZKXENp5qQryFIIc5KBB4qSSCnsQSD06VeMwfJ4PBW2tLAF3Hh88TCtj9eR9WaXiwQ5HYdhGPcWj8nfjOFPJIWk8mlHinCvT1yCRWQ1skLu6NF1egmdTv3mr1+2S3Z0fv1t/D3ZtdtXEQpbkaRHfShamJDRwtCXQMOJyRhSe+eoBBAzB3OQd3cNFvontmb3UhfDXV/wDl4cJPsgYSn3Cozitb3S6x537yrFuW4Fh0j6ajDJA9yjtWqw61A8xz9eKkFGo/V6FYLYwPusDjsSf2CpHFotNTD9crY+Ck53Ft5990R/h3KhuNfObDv5vWu27DfsKv+030BekQ7CukhUU0RKIlESiJREoiURKIlESiJREoig9qFAqwblha9xLoy0grW7cWkJAGSSWxXDIGl+2dcB75MUj2nudmaMD6Y9D1qXxjbxPbabdI0JpiSDc7plm4OtnqE9Ms5/NBxy95HHsDnqEdLus7n5T6vaufVDvg8W43Uqk232iG5wkaz1dLDFvjBUp5984CsdStWfT3D1NeKmoItDEM1hxRjxnLWu6m9X34yprdrgtw7KhIjxHFk+c40PnEjsAr9uKyqaiEABJu5XnML3ADX0dq42xOhNFa9u8y/wC6uqpNg0VZGvlUlmCypy6X1fMJEOCMcQtRICnFEJQkk9cHGeDHGbPOay444KY3mOY4L2J8Ge5EvVWz1xko23sekNE2KaLVpa12/meMZtALiXFqJDqgtWFOgDkvzCcnqfBqgYXSSDweCzaeodMwvcMr5LIdZ6vgqQ6lmyQGgB88gk/7aiFbWslNmRgLEnmHAKsm42oILgdcL6EhaiEnBCSfcD2PwFaeKnkL96y0FUHHO2SrfrOahUh1vJCwCopUCkge/B61I6SIiy0FaHMBDhbrWH2Nf8MdcJ+ag1vo9LLT0hvISrZ+CY53Dt//AMmj/DuVDMa+c2Hfzetdu2G/YNd9pvoC9Ix2HwrpIVCpoiURKIlESiJREoiURKIlESiJRFB7UKBVM3y1x+D/AFNqG+NMJXLcmNxYiz3ZdW2PbSPzgkKAPpnPpXG8IaX7cV4HLyeJmpVtA8M2apSR+9+ZVK3bszmpoUK+agkoahseZJkvPKwhKAcnJ/NH7T2rpFXJ3Jojj1K5pK3eG85VF3h3mOr2E6esa3ImlIavZR8xdxWOgWsfme4dq9UlH3Dw3ZvP4KrWuc7dbr6Onr9HWsb212rvm59xRcJ7S49maPMk+yHEjuc+iR6n/l1q/UVTKUW1cr5c2mG5H43E8u1ZzrrVGl9PRG7JoeXFfTGzHD0fBSCnotR9D1GAO3c1iQRyPJfLxWveCXZ/9q2/+Th3T3Z1C/ddOyLdId2xitPrutxkexBhTeBU2Iq1dfPWop5so5JKVFauBAJvy0pdE5rj4Po6lsqSKZrbO8U8OP3KyGuZ1r0/pabrjWNyhQoTLqERItwfDDawo9FLCseYsgEhrsAMqz2EDqHSWdFSC7/L5PapRgmAxSytlrvFPDgPtL6R9ay7vp5qdKjpVEakJKByDoZATk9QMJxn9XTrWrp5pCLu5qY1FDFE7cby97BVi3t3E0Rqgs6Wv8aLDmGYtmHM81CXEqPb21dcKHbuDjGK3VDNUtO/A3IZnpHStdiez1DiMJirzcOGR0c082n1aHitFxoUmz3CTBlKBKcBtYTxDic9wPQ9MEehFTKknZUxiRn3jkuBYvgFRs7XOpps26tdwcOY6eY4FWv8EnXcO3H/ANSR/h3KiONfOfDv5vWunbCj/ga77TfQF6SDsPhXSQvJU0RKIlESiJREoiURKIlESiJREoig9qFAqX+Jm0C9annMOupbZj3th91azhKEJYVkk+g61xvCH7m22IW5fkUp2haDs1SX+l+ZUf8AGvuCiXp616etTymLA17awPZVPWD0Kv6seg9a6nFBunfd43oXPHtc4hrNfR09fLkq97e7VffA0vXW4klNr07DHmcX/ZCwO2R3OfRI6n91Wqiq7me5Q5vKOkbC3ucWvE+zpXO3B3bdvsNOktHxHbTpzkG0stpIlXE5wkLCeoSfRA6n1q3BSiN3dJDd34D35qw1pcd1oufwHXz9CtH4Uv8AJ0PaxtcTdLxJSlWXS2A9D0tGf8ubNQOv8LcScxm/6tP5U9clv1yoKinlZ3WJwdwyzzWfDDFEBK47x58FcKdqzTmkGbba7TaYNnslsaCbba4bIZYhxQRjg2MAdCCT3Ockk1zrHMZmqqlzAf1bTaw0y4nmul4Lg7TTNkI8NwvflfgOS/Os9pdF7jIgXLcrTTl8juFydBSJrjbLDXFSTySlQCw4k8VZByFBPxwqSaelvK397j0DRZEln/qWWG7kbi9ydfJ2qvnjM3M1nshEs+ktDaILVpRamp710E75NFjOKcwltLacKdX0AA5EZX8046SzBcMgngMk43nLTV9dMJbMNhp5FTvTWrl7sR5Dm4URFznW+atQfwW3AheQAVoxk9xnuR3rJrIfi94NKd24WdhrjiEZbUi+6tmafEe3Jg21cMLgzpKmkx3llwownJwpRKgR09c1gRSSAmQGxHELPrqCmq4fg9QwOZyOfk4g9IzVovB2xFt+69vgxn+bbk1L7XI+1w8lxJB+BrWYg99RtBh0rhoXA9diVoMOwVmCYdXRRG7HFrm31HAj7ua9HB2Hwrp4UZKmiJREoiURKIlESiJREoiURKIlEUHtQoFQjxvTfkTs/k84ht7UUVtxCDjzR5CyEH3gkA49cVyLARfbnEPsn/BSzHWuds3SBv0vzKo+92l7FbWLRrLclSksMNj5BakAF2Q53HsepHTv0T3PurpM8r3nuUOvE8lzud+43cZ95WqdK6L3i8VmtWtI6B08mQzBKVqa8zyrXZmScB6U+RxCsfFasYQk1Wnp2wAkfeSrEMDpsxk3n7Pf2K5WzWk9odgr9Y9SXPSum75qWJEFlmXow/b89tSm3JLLazxbcPHBVxC1JyCQSajLsVnp6ySN3hRXIII0HR93DRYzsUbSyFh8Umy27cLn5T7cHTtwUuw6ifSENgn+Dr8wJcR+/HwIPcVrZ2uwioL6Y/q3g5cPccFcorSVUcLDeORw+43z7Vh+693tw1i/bZKU/wAMtcxtkFWOiGFrJz/ZA/WPdUbhjMoc4cCF9A0zu5RNtz9a33H1zp22aLiv3d+NHs1uUxClyVqAbiMJSUpedJ+anISCo9E88nAya2tM/wCEMDQNOCj1RC6KUvOpufvKqr4uNCXvxOTraxom2pnQ7elb7U1KSY4TgAFtw9DkYzxJB6H0qSYRTVYcZd0tHTldY1TNSRxCFzwTfrstPaF8Ku4VogX5d006ba3aytS1qcTweKE8jwI+dnp1OOnesmro6uQl5GQV+kxOiha1gOZ981il/u9ujW21XNhfJEOSJBUAegILZ/5fsrAo4n75YeK2dRI22+FYTwhajXJ330W84hKFTnpDJSFEjHlrII/WB+2qupQ7Eab6rr/gQsSrdvYbMej1heoo7D4VO1z0qaIlESiJREoiURKIlESiJREoiURQe1CgVTN4dLQtV7ky4k6ExJbiXduWnzz7Da0xykLPrn2umOvXPpmuKUM7oNtK/d1ItbnfcUqx9xbs3SW+l+ZaF3b8Jli3Q3MtDerdw59us4gG4TmokQuzFRUKI8ltWCmOD35ELwM4SpXbrD52UzmRvabm+menPiufOEJkAfc5Xt7VsW5iLtlpaBoPY/TESBpiA6Q/BsjzZkOkpwpxS3CVrkdiVO5UrsSnpjX1czqphZE+x6Db05/gtdX1kvixi46LX/FVk1rpPda+6nMe1aQ1C9ElzfOD0i2eR5K1n2lOOAlBGepVkYyc1gQUbwC+UeFoSTe6itVT1M7rtaTrqLfit3WZmdpSx2WBMlpfkNz3Hnnm15aQ+eGWEL7KUlIBOPU/Qca3GYyYBuDwRfMaXtp+CkWAh+H1FM+c3s8EnhmRlfoWKaqvMtzcTRNzuNs8yNIau9kkez0TyjOcV/3enxFR6gLTTytBzAB9S+kqmnMbmhml+31L5aTv+ro8uDB5uS2ZdrDdwYd+aoIHEkj1CuvQ/wDOvE0bAHOabZ5e/Qrsm45oDguvnbz7n+H6yy9PaX0Ibvpqa2qTbY6nXmnre2tQJZcWlX8V0PA8eXEDrgdJ7g20DXwiKo8YC1+ageKYA4TF9Nm2+nJaxvvib3u1bIl/dZ2Hpf7oJDq4FtddW4pITxSpxxwlQyOyRxHQHHvv12KGUbsGQ4lXcMwURnulSLngPWVpnWd3LEVq1h1S1FxLj5Uc8skKIP05Oax6RpLw8ra1Za1pAVq/BpbZ1w8QO37yEBMe2MecvHbK47nX9fID9VY7qhkNfAHaveQPIfYrdWP+Om6h6QvV4dh8Kmi58VNESiJREoiURKIlESiJREoiURKIoPahQKtOub7BsO4GqnrgzHdYkqTGWh9IUkgoQcYP+rXHMIYyTbbEBIL+D+RSnaGZsGzFKXaF1v7lXXdjfu16R1Atm2xFJVKZTHcdUPPCWhnCUgkKTgqUcgnqpR9c10GaKeGYTxkOsLWdyvfIjj1hcZrNoIaSe26cxa+o9+pYtbt2LDeLDLtjU6IqVObdAfLiGVJdekh15xQWEq6JHBPHPocdCDr31jmRSNnhO865va4z6RfQKjMapaiNzA4XN+NtT024LJbjqyPdpqnrZLfjMNwktIcxFBLodbUSlOQnJQFoLilE9egSPnY1VidFdoj5EX3dDlbIgX5epZck8TyDHpb6uuX/AEuFedyrJara6zfdSsmP55fRa4jgXz4KV5CVlOAShCuGQB06dgDWLPXV2JB1PTMtGei2XSdPIsWqxaCBhE0gA4NGZNtNPfguVY9S6F3a1NpyI264lNuaXcHI4SUn5W4AlLX9JQCV/N6AEkmtO/DKjD4nueLXy6xz9C7LgW3+HY2+KmpSTI5oLr5brreL0m9zlcADVZhIg2nScmTc7gylT893gEDs2yhIUUD3AJB/vfTWBCC8ZqZSPMlmjgsR3uizNUaB+XsK5/fFe3nvZOOMaMkNtoIHuIUf7VbCnduOEh6VZhAa8x/RA/HMqmsOPFt1wmfKQoOJkFBz3x2z+6pAS57RZV8Ft1j2qrNInXZ6OhB9tAAOOxx0rY08gYA7ktdNEZGkDir1eB5TMjXNimJYKHC7HaVyGD7MZwFP6iDUVryW7R4e2+V3n0q1LKZKCraR4ob+Oq9Jh2HwrqoUAKmiJREoiURKIlESiJREoiURKIlEUHtQoFSPxTuqav8AdShRBN6jA4Pp5Jrj+C/PfEPs/kWft980aP8A+g9D1TffLL2pUYPZAz8cV0uTMrgOJyAP3VgLbvBIT6CrVlo3N3jdfsSD2ApYrwWKQ97ulE3Fc3wobRR9PaDc3cvjR+6F5QtFuCx/m8NJILgH57hBx/RA95qE7RYjeT4O3RuvX2eld+/Rds2KOD4ylH6yTJvQ3/b0W5rsdclN8XEYQF8x+U8sHOErVlYJ+kDGforRQygZrtjIy291+7PBj6mKYceL+QjofJ4g8ErWU5A9M5A/fWfD4Tlh1B7kLk5qrm5+3osuqZ00RuUZ95Q6D39cVtoZ8ty+iuNIc1YbHtwN9Sp3C8/MPcKA9Kyy++QVsABW98Iq2I+6dghtthHnuecPp4tuJx+w1pp4nPxugl+i4jyglYtXG1mH1L2/vAX+4r0VHYfCurBc5KmiJREoiURKIlESiJREoiURKIlEUHtQoFR7xWqxfrp9N9jD/wDBVcfwX58V/wBk/wCC2G3vzRo//oPQ9Ux3gk+dqt9OeiOn7q6W/VfPOJG8xWCcvprzZYG6gX60sm7zX1YIeeQySR5igjPuycVR2QurkcW+8N5lesMi02qy7bWmxsp8pMeDHYSg4zxQ2Af1Vymrc2TecdSV9c4RE6DciaPBaAB5FpW7i2tKMZIbWp6QE+yeyPzQfce1YbSclKQHHPoX1Z1ZChz2mrcphuPHAYDLaQAHMHBwP7RPx+ittDI69xotdLTktO9qtPb0Xe1SWpFtZWVKekocQehKFYHr+v8AdWbA091ujWkNBKr5MWLZeGYslQQl5Zcz24HOMf7a3MY3rkLw/krQeE67QHd8dGwor6ySX8IWME4aXmrIhJr6Z54PHoKxq1//AB846PWF6WjsPhXRAudlTREoiURKIlESiJREoiURKIlESiKD2oUCqPvNok6819eLX8vbiiNc2ZZU4wXUrCWuPEgKT+fnOfSuBT4x8S7XVs+5vb3g5G1rhhvoeSmuK7P/ACj2dpabum5uneva97bwtqOa0HrLwqq1Dc5Ej784TBcc5c0WlXP4ZL2PX3Vel/Sm2GU/+MSOmQW/sUNf+hZ1T4ZrAL//AJn86xxfgyW00t9zcZCWm0lS1qtZCUgdyT5uAB769s/SsZHBrKIkngH3/wAFYf8AoRbE0vkrwAMyTHYD+tfM+D6Og8FbpQwogKwYCQcFJUD/AB3qkE/AE1776E2vwF3nHq+hzyXkfoXhIuMQb5n+6/UPwexZ0hMaJunFdcKyghmAFqSUq4q6B3uCcH3HvXuL9JkssrYjREbxAzdz/k5Z9IXrvMMaC8V4NuTOX86uPr642q32mJHfWpcdyK202tJyShKAMn44rGqnNfmBqun4TTPb4I1aeKrbqqZHTK+WWqcC2nl7IHtIAHfp69z+oVWlaSLOCkTwWiztVqpN7kxbunjNSyZcgOIUtYHmZbOMZ7nj7q3zI95mQ0CwZyGnM6rsbnpqDc7ezdW7xEkusjzFttyULUEoSlSgQDkEJUCc+hB9autMjHZtIHUsMSxOuARfrWndStN3HX7jbrrZiNKRwUFDrkZ6fv8A2GtrFeOPTNeHbrzqrJ+FdmCxvvopEbiSH3cH1wWnKQXdXwX5+oqxXBow2cDkPSF6bjsPhU+C5sVNESiJREoiURKIlESiJREoiURKIoPY0KBV11AYbe5mp3JincKebSkNYz81GT19AM1837Q/BmbRVjqgm28AN219G3OfAD7+S6rhvdXYVTiK2h16yuIH7HDt0r5PHSq4utL8px0lTSVE9E4OTgDHXv37GtNDPhFLC+7CZSDnqBc6AG+Ybo46nksqaOumcNw+COGl7DU24X4Ktmo9p9zdWW65XG+axlKnSZqQq2NP8YjkUqTkJBXhJSCrCSMeyO5OamdHtpgmHTRw0sDRG1vjkeGHWOuVzfK5Bvmepcrr9hdoMVhlnrKhxkc7OMHwCwkXt4VhbOwItkNSbrI71t5IGoJD1n0ranbe+GULDkhSFFAwyoJHPCQIw4nAHXGPojFNtBA+ECpncHi50vn42trnw8875LoUmDSwu3YIRuAAW0yGWl/orvtsdIJ07MvF/maeRbpTcda0uh9DocW+5zeA4qOE8wCOg9fSvcFYK6pJjk32MGWRFreC3UDPdvf2q/DRup2gPZuud036T+NlsfVdr1FctGaZl6YtdunK+VKTcvliuPGFhZyjBBCs8cfs6ZzU4w6npJKUmoJBsbeX0LUVNXVU9YWQDInPyKt2p1astbyhebBaYilxopLXmNoK3VIPyhIPmE+yvHfuCQM4rawQ4e3KOS+Z8nDh78Vlsq8TkzfHlYeXjxXU3Oxvz3kyrppW3XNqGlEiMhp7Hlq8vgSEpVyV0UpOP+fWsmJ1MBusksTkfLdW6gVLrGRlwM/vt2rJToN+3qfcZ2/tTzEmK8iU2ytwucnm0MngoOE4UhtvIA+BGTm62WJ43O6m2Vr24Z8uBJ1WtdHLGd/cF89L9XoVcty9p9V6KfKpenWuHmqbfUhalKCE8S0SORz3UDjpk59KyxPHJmH5j3PDqWVDE92QYLH3HHr9wtn+Bx2cjezSTN1t7cZ1MpxCeCiQQGnePUk56AVTeY/EKcxuuL+oq9JFJHhVR3VtjYekL1gHYfCpquelTREoiURKIlESiJREoiURKIlESiKD2NCgVT9033mdx9QFp5aMyUg4Vjp5aK+ZNs42ux6quP3h/aF17ACfiyEdHrKxX5ZK/nDmf9aox8GiP7q3G8UMyVj/ADlz+9QU0X0VTfdzX5+Wy/5y5/er18Fi+im+7mpM+cWlsGW75bnRSeXRXxrIhJpwRES0HkrbgHkF2q5LOor7HiJgM3iYiMlPENJdISB7sVlivqmjdErrdZVk0sLn75YL87LH7jYbHdn/AJVdbTElu4483mwpWPiaNxCrYLNld5Sru60aBE2CyIUFJtMUEDAIbHSnxhV/xXeUqu6OIXLTEjIACGEAJGAAMYHbH7qp8Pq+MrvKV57lH9ELhXHTWnrworu1liTFFPAl9vnlPu61djxaviFmTvA6yqdxj+iFkmyuh9HWfdHTs21aYtsSQiSri6ywEqT+TX2NSLZTE62oxumZNK5wLtCfqlavHQG4bNYcPWFdAdhX0OuSlTREoiURKIlESiJREoiURKIlESiJRFgF+2U0dqO8S75cHLkJMxfmOeXJCU5wB0HHp0AqFYjsHhWKVT6ycv3nm5s6w0A5dCkFJtLW0cDYI92zdLjtXA/F50F+lu31sfZrD72uC83+d2LI+V2IfV83tUfi8aB/TXb62Ps072uDc3+d2KnytxD6vm9qfi8aB/TXb62Ps1XvbYNzf53YnytxD6vk7VB8O+gT/wB7dvrY+zTvbYNzf53YnytxD6vk7VP4u+gf0t2+tj7NO9tg3N/ndifK3EPq+b2qPxd9A/pbt9bH2ad7bBub/O7E+VuIfV8nan4u+gf0t2+tj7NO9tg3N/ndir8rcQ+r5vap/F40D+mu31sfZp3tsG5v87sVPlbiH1fJ2p+LxoHOfOu31sfZp3tcG5v87sVflbiHJvm9q59h2S0bpy8xL7b3bkZMNZcb8ySFJzgjqOPXoTWZh2wmF4XVMq4C/eYbi7rjQjPLpWNV7SVtZC6CTd3Xa2HatgVNFoEoiURKIlESiJRF/9k=', 15, '115', 1, 0, '2019-11-27 09:51:44', '2019-11-27 09:51:44'),
(4, '[多件优惠] 蒙贝 自然香酥带肉牛棒骨 S号', '蒙贝', '磨牙洁牙', 'data:image/jpeg;base64,/9j/4AAQSkZJRgABAQAAAQABAAD/2wBDAAIBAQIBAQICAgICAgICAwUDAwMDAwYEBAMFBwYHBwcGBwcICQsJCAgKCAcHCg0KCgsMDAwMBwkODw0MDgsMDAz/2wBDAQICAgMDAwYDAwYMCAcIDAwMDAwMDAwMDAwMDAwMDAwMDAwMDAwMDAwMDAwMDAwMDAwMDAwMDAwMDAwMDAwMDAz/wAARCADIAMgDAREAAhEBAxEB/8QAHgABAAIDAQEBAQEAAAAAAAAAAAcIBQYJBAMBAgr/xABFEAABAwMDAgQCBgcFBQkAAAABAgMEAAURBgcSCCEJEyIxFEEVIzJCUXEKFjNhgZGhJFJigpIlorGz8Rc0Q1NjZZOjsv/EAB0BAQABBQEBAQAAAAAAAAAAAAAGAgMEBQcBCAn/xABEEQABAwIEAwUFBgMGBQUBAAABAAIDBBEFEiExBhNBByJRYXEUgZGh8AgjMrHB0RVS4RYzQqKy8TRicoKSJCZDU2PC/9oADAMBAAIRAxEAPwDv5REoiURKIlESiJREoiURKIlESiJREoiURKIlESiJREoiURKIlESiJREoiURKIlESiJREoiURKIlESiJREoiURKIlESiJREoiURKIlESiJREoiURKIlESiJREoiURKIlESiJREoiURKIlESiJREoiURKIlESiJREoiURKIlESiJREoiURKIlESiJREoiURKIlESiJREoiURKIlESiJREoiURKIlESiJREoiURKIlEVAfGi69rNozYS+6J0Luf+rO5UG4R3ZDMBEtE1thkh5xLb7SQhvHFPIqUUlKVtkEqxWixTEbMLKd3fBAI6+gKnPCODRPqWzYlH9y5psSRYHoSNyN+m+vRSh4X/iTWnrg20gQrg6yxrqBb0PTgyEiLdQnih2RHwo4AWoBbasKQpQ7FJSo3MNxUVDjBK0tkG4PUeI/VYfEvDP8ADz7TSvEkDjYOGtj/ACn52PW3jorXVuVEkoiURKIlESiJREoiURKIlESiJREoiURKIlESiJREoiURKIos6v8AqjtHSjsveNRTFMybu1CkO2m2FeHLi+22VhIHuEDAKlfIEDuopBwq6tjpo8zjqdh4lbXCMLfXVAiGjdMx6AfW3+6/zFb4dRcy6akud0gWS4TtVayugnXc3jhJReFLWtxzCfLCmxkowUqKwQolQB4CPjC5JnB8z+h2uDcqc1eN09MXwUsZsS2wO1gLba/W/nKHQL1fPdNfULp/VSo1vsL0B12Y4zCQRFS44kIcZU0FpIQoK4kBWB39I44qhlNNHKJnEuc3a+9ttbb/AAWykrKeahNBGGtbLYuDTex0OgINiD5+Wy7SdK3jcbab4aue03qx2HoG8ITzjyZ05Its0dzhL6wjy14x6XAM5wCT2rd0eKMlOSTR3rcFQ7FuEJ6WL2mnPMj66WIPUEeXiPVXTSQoAj2NbVRBftESiJREoiURKIlESiJREoiURKIlESiJREoiURKIlEVcfFP8QO2eG70k3bXsiPHud/kvItWnbY6spTcJ7oJQFY7+W2hK3V4wSlsgEFQqlxsFciZmdY7Lh7o7r93D3z0bq27a5uN3vW42t7jHiWe5SOSkwGVBZ8qFFSUhpKFJ7BtByp32C88oziVK2SRss7tG6/DzU1oJiwcmkBsenmetvr4LXt7NvYuwOq7LctWQxe9Q3dC27rGXMLMmESCVyA4hfEOrKk+kjCUI4EHlzrQtxGSoe5kRyBuo63Pn5fqpnRcPB0PNIz5rAny628/PZf3pLQtp1dAYnaltsG1IWlaZb0dwuF9C3QtDgQE5TxQpKSrOClA7Ajvr6zHHuLRTONwevkp1gnCUVJHJHVMDw7+t/oK53h6eHrtnausl6466v6JWl4OnTqK0264yEMxXlsOsMreedJHJtoPMkJ7JPJJJIBTUnwOWOpZz6iwLfcPVc84tqaqm/wDS4aD94bWFyb6ggbnXTTf4rs7GcQ6whTagtCgClQOQR+NS4EW0XHSCDYr+69XiURKIlESiJREoiURKIlESiJREoiURKIlESiJREoi4u/pa2oHZWo9hbC64tNuLd7nlCCAXJAMFtsknsAkKV/BShkZ5DHnflF1n0UQcTqoE8OHQ9r0neZV81Xb2H9TzIQVb5fxAfFsikJKQgAEeYpJy66PUTkAfaBh+LVDZWFpOn6romF4cWQtkiPe6+in/AHS2Ygb67rTI8Cz/AEpKuEdxIlzEJZUhfIlstOZ4lSgAMntkqSSBkVFahlm2Yd+ineEVfs0DZZjlDLba6dbj60Xv0F0taR2yuFnteuo8mG9cz9Q6iKprIB/ZvNEHgkE59JOMkjOai1TWcqoyzbfkpG/E6uqgknwqxDNwSPi09fepc66eh+DvPtRZ7dp63oF50XHky9PlJC1ygG8OxfYnCwElOFDC0I/eDL2Ey2p27EXGq53w/wARSUlW6tqNcxGa42udwengfJdBNgLJF01sZo62wbwNQQ7fZYcVm5hfMXBCGEJD2cn7eOXv866pSMDIGMabgAC/jouS41UPnxCeeRmRznuJb/KSSbe7ZbfWQtYlESiJREoiURKIlESiJREoiURKIlESiJREoiURKIuRn6Wboe2P7VbGaqklp2Ta9VP2lyKVkLkQ5Lbbr6uI7qSkxGgfwLg/GsGvdlZcb2P5Lc4NDzZS07aX+NlzL2s66b81ruPNusyDFjIkrcCfgUIRDzgFpIRxwhIShKh2yM9sHIiFTRRtjBiBLh57+Z9V0bD5pCXB9g036beA9y6O+H71m6N17qTUN2jtvwkONtpdirWTEadBUCEDATlWOX48VEn8BCuIKqekLXuAsQtn/DpKmmEUbrlpOvUj9lZ/X96sW7e278Sa1FbkE+dFcT9X5KsK4HljscE9s9+R/GodPVieGzwL9F7hntGHVokiJI2I3v46KJtP9RW5G3LNtLtuY1VZofJgSITnK4NIyFErR9lYSMEEYzxGSciqqDGaiF7cx229PoKYy8N4FiHMEbzDIdbO/BfyO4v71YDaPqDulhjL1ho1kX/SM53zdR6VQtKZdmkqHJcmGVFISFklTjS8JKvVltRdNdfwXHS+L2mm7zD+Nt9Wnxb5eI266armeN8ORsf/AA7EPu5m/wB3LbuvaNA19r6jZrhrbQ5hlVpNsd0LJvFoyJf9PTRNtswHiotqacaUDhTbjawFtuJOQpCgFAjBFTynqI5mCSI3BXMa2impJjBUNyuH1ceIPQrYKvLFSiJREoiURKIlESiJREoiURKIlESiJREoiUReWde4Vr/7zLjR8DP1rqUf8TVOdubLfVFSvxeOg3QXiX6M0lb7pvFZNvpGj5EmRHkK8iY26Xw0FckGQ0QQGuxCvvHsatVFKZgFt8Mr30hcQy97eVre4rif1X+DzqPZHcKf9D71bQ6tsyF+XFnfrCGZS2QkJAcjq5htQAxwQtYHbCqxHYWLZSNFtGY9O0lzO6T5XUU2u+646NGFOQtR2O8WeUpKbg3ZpSn0KSkKCVuApSUlPNXFxPtjCu2K0mL8MxVUJbIL9R5H9lvcL4skgma8C3Q+Y/RXL6VPEHt+srdGtd8kFDRbSlaXnwQCAe5BOUn3x/1rh+K4HPSSFwF236Lr1PUUtbHnj7snu+v3V0NsdTQLdbYl5g3RDcNknmgISkvBQCUZGMEqUEDKzk9+47YopBETmI8VpMRhmc4wltydvLr8hfZbRoTU8+7atTrbTcVGmbgjDTbCn/ReWiSMOISeBySMZGUkDv8AKtth7pYJvaaM5LdOhVuqfGKX+F4geaw9basPkTqPPWxW6ad1VuLo3cFd60xp9mzXG9NpkOsx3lvWO78fV5brajlh8oyA4nAJAAJ9j0bDqyoa7nRtyuduNcp/Y+YUZr6PC5qfkyzF7GaAkASN8wRo9t9wdQLm3VS3t54i2nNTIch6mfg6A1BGX5b1uuaH3llX4oIQkEH8DhX7sd6mNDi0FQ4Rnuv8DYfDx/PyUFxPharpRzovvIujm7W8/D8vNbJc+s/RsFCircLTTIA91WSWsD+TlbhsTnbC60Ps7/5fmtC1L4le1VoC1TeoDQVmSkkFTlqcaCce/dxwir/skvWM/XuTkkbt+YWsP+JTtTezi39XW26FH7iIUR1X8ueatSM5f94MvqQPzsvCWN/E0fFabuz1pNX/AElMjaU6qNMouqwDHks6SkTG+xzxUmOlSikjsShSVYPZQODWrqMVw5jbSTxt9ZGD/wDoL0Twfy/NaFoTr83S0rNKbzvPtjqGPxB4J0ZqaAlvt3UFuQ3ytPzwV5H941FazFKIG9LikbfIvjePk7N81Q6anOh09Fu1l8YBqNdUwrkjTN8WrshyEmRH84DGSlLzYXjv95KewPatDU8YVVFE6aZ8MzW/yF4J+LS2/wD3el1ake0C7Tf6+uq3OyeN9sva45Oo73D0ylngHHHZ7Cmm+f2PvA+rBx6e+Dj2rZ4JxvLXgcuhnte12xuc2/qB+ittlY7YqVtuvFK2D3MUpNt3V0aVIc8pQkXBEXivHLjycISTjv2NdGpKarqI+ayCQDzY4EeoI0V0MJ2U6WLUtv1PARKt06JPjL+y7HeS6hX5KSSKpe1zDleLHzXhaRuvdVK8SiJREoiqZ4tO+utdjNrNOS9EzZkWXJmPGU1EwJEtpCBlDZxnnlfIJHdXHiMkgVAu0B+IMomPw+UxkHUjrojgS05d1z1Y6tddb2afXLg7o64lRX0lDjTN/lMLZJGCClDiSkj8Rg/MfKvnas4px6CXl1NRJcf8xsfdeywxIXbFVq6i9BbiQrNdLxB1Vrm9oYSlaILF4kSpj4wE44vIkF1ZK3CcFHIKGQeJJ6bwbxtglW6OixpjnSOJGd0oZGPC+gLQLDcnXbdXWOb/AIlDm13UlrTaDcS2OanZuFusjAV/Y5ERUydkKUEnz47TYSO6RwKFkhJGEgjHUcS7PMHrGe18OTMZOLEOExIGmugDj8x4m6uhgBzN0KuLYd/nN2NEMXaLCv1skOMF5dnkBr4lRBI4FK1p8lRx7KUoZV7oHtHY+0WbC6g4djzdW2HNaDlOm9iAT6tHuWwhxANNpgtF3Khq3Ctv1mi9VtvhJAP+zuI/zCYVf0rZy9pXDQ19qv6Mf+rQst+K021ioD1n09atQ6t2FYAhsn7MmWlBx/kCx/WrDe03h9xsyRx/7bfm79FgvxGK9wFC2sNiNT2i6/ER4DFlcwUOBqSp1l1B9wUeUkfy/jmk/EeD1je4CT46D9Ss6g4knpnDKbjwJU17F9UmqtPafb09qK7fRMJjg022palszgCSCV/d4rwQCB2z8gKhWI4NBzOfTjMDqbdD4WXb+E+LqetbckB7fHddHelzq1so2mZlXJ/4x9pCUcnSUrbSkD7OcZAwrBHc8fmTWhkqPZ5C211m4pg0lTNzINB8jdS3rfrN+idMMLssuPLbdThh5p7u2AO5IOM4UCkpB5AkZH4bmnxqYssFpaHhVr5SagWtv9fQKrnuh1XPbkrciakgNXBpXoQ+tlKX2h7lCVnIWjKgQhxBSCcjB71tI8QfI0czUfP4qW0/DEUBvSuynqNwfUdD5g39VAGvNl9G3W52/UWntOaUnSITRTLbZtkNCZa0+kF5pTC1Ic7qB4kpUQkgoVlQrq6vFJYTE2rkLT/zvuB5WcB7/jdQviDgCirHPsPZ5idLfgN/lbwtYjzCjjaKZudpa/x2bDtXZrv6GzcWXLwm2vLyjuuK3KkuKS02cArKT53LOEEHONxDh3D80Jkr8RliJvk+7c4DXaQsjaCXX2B7vQkLi2O8L12FPLKtpy9HjVp9409xsVvNri9S7sdDcqz6RXHmJK1pdlJZkW9QJw0ktOKSUqHHv9YUnl3VkARWob2cB5LZpbt0FgS14IHeOZoIIN9LNvptqVH3SRtNv3Uw6S2MvO4ekY6dQWt8TnGA1KipUZKCviMlChy5IJzjISr93aua1+KwUdY52GSEsBu11spt0uPG2+pHmqTZx7n9VrMrwlmdU3BbibJq1lt9STISS7KZlpTgpQsPJIWgYGEuBaTjBBSSk9Nw37RWN0NNyOXC82tcx2PvDC1pt6BXw+YAANJ93+y3Ky+DhbJ2oG7qvTl6M7i0CVvxmG+TQAbUUBKEr4Y7BaSn8UnAxrMV+0ZxPVjLnjYOuVrhceBu4/Kx81eyVDth9fFb7ojwjrfbXmXLjbHLi/CfMiBIl3ANPwFFXLDamCkJSk4KQlICMrKcFayqPYn228RVbw6KQRHqGNaAdhrcEn3k9LbBXWU8x3H17lIWjPDPjadW0p9VvuKYoIhi4qEtdvCgQsNLLXMBYPqyo5x+edfiXa1xVXgZqt7Lb5HvbfbcB2XS2lgFdFLIQLlSForozGhJhlWm5RLBJx3etjBjuY7Z9aCk/IfP5VoncVcQVDhzKyVx6Xe4m/x3V4UxA1cpX221ZqvTrwMHdGde2oxw6w95M5JwcEKUsqWO4x2UDU7dxTxzw8I5MR5jWu/DzWGzh5F2vwN0EA3DlZbaTXz+4Gn3ZElplt6O75Si1kJWeIOQDkj39smu89nnF8/ENA+pqYwxzHZdL2OgN7HUb7XPqrbmgHRbVU+VKURU88YSEJm2WlcgHjMf/jlCKi3FzQaLXxVQOhXMbUO16bnqBd6tUtyw6hUcrmMjkzNPufiG/vEn/wAROFdySFnGPnrFRE/7uZuYfMLGkiY832Pj+63bR0qTOjIjaitybdOBCETGVeZBmE+3FwD0qP8AcWEr/wAPzrntfhr4SZKY52fMeoVIaR+IL2XnpEg7gXKU+/YJFxTcAlMplcQzIskpSAhSmHEraK0jslfHmnkrBGTUp4b7WOI8ApRQ4fMGxgkhpa02J1Ots2vheyrY54FmjRZHRHh+M6Xt1tYg6TuoatDzj8HnBKTHLhKlgKASSkk54qJSMDAGBV3iXtm4mxumdR184Mb9wGNF7G+9r7+BVbuc4WI09Fv0XpR1I8PTp+Tj5F1xpv8AoVVzI1x8VT7PIdQ1e5jov1HOThdvgsA/+bLQf/zmvP4hl1uU9jkPRY+7+GvP1C2oSF6ebz/6risfyRithBxLLCe6SvBRSdSFH+tfBhj6kgvtuXmAwh9JQ4GY7igoH5Z5JqT0HaNVU5Dmgn3j+qyYI6ineJYn2I8FFervD01d0xRm3bbfJOoNNNchIg8FtvMoPf6lQWT27nGff5K7ASal4ypMScWyxiOQ2sdLH10C6lw1x86PLS4k6wv+Lp71p+jX7Poy0aqjKuL77twifEMOOpBKUqeSCvmRhBC+CFD0qJWBntxMsp+dMGnLtoRb69y6o/EY2OZI1123ve+h0/LqtMt2t2r/AKhfgSkOqdZ4tofR9W6lIPdRTnvgj3GAc5raCEsZdbqnr2SOu06Lfds7PH2/ubk6LIlmY+tC23EvpLCVHupCkDPmJOM4UVJChkpPc1djr8mhGqYjQGtAJNgPr3eo1UxvaY2v3sgxzNvsfROp3iH1LLA+i1PK44UWSvCVZV3U2WyOQJ5Z5K3EboKiOzhvv4e9QWsgxOicWBvMj6A6n42/f3bL83BvG/WxVkdagTkXWxQmvIZn2J+O+4T9j6wyG/MSrGD9o5PsfetRLwPgMvfkgbe+4uPiL2UapqPCjPzPZml2+VwIB69D4+S1LYrxJtwtkYbcTWGoxcYL5UWhe7M/KUwpJTzbEpl0kEZ9l8gMggAEVpcQ7LMJriXMvGR1ba3w2+S2nFWF4LVhtRHBynOH/wAZyj3sc3L/AOJF1N+8XiQ62vnTpetQ7VaZ0/fb3Cdx9XcjOEWMEjzZAZCW1OLSskBsZAACsr7orQUvY/h8NQ0VdSXtvqA2x8rm+nnooTFwg4ESPJyelr69LX/fwChPQvir7m6Y8LvVW5moLvEuuu7huMxpXT7z1uYZaiMIhNzJB8ppCErTx9HJWSC8O/tU7f2UcNSU5cYCHXtcOd+9ljy4VTe3NhYO7lJOvnYKyXhz+JhD6v8AaiBK1NHiad1S5eTYPLY5fB3KUIq5Q8nJUUEstOngtXu2QFHIFcS447N6zBw+tpQX07bEm4u252I0vbxA9VqsRw32eUiPVu/orXIn5965cJytZlXi1HdZTKLeiHDgT3HpzSHI86QWI7zeSVJUsA47DsPZRwkkBRI7v9nukw+s4ra2vNskcjmWAJzgaWBtewJPlbML2VmboFHOyu7+o91Irr8zSsjSkCJeJnJu9p4Xd9xYC1FttDi0Jip5KTlRyVeVx7Cvrn7RlBhOHcJTsmnEr3NiDC3VgcHDqQCXloJNtm5r7q27YW8FbbpdWHNG3BQ7j40j/cRXCuwg5sEmd/8Aqf8AQxWXCykyu3KlKIqieL/Lat+0OnH3iENpnuIK1EBKMoGCfwGQBn9/4ZrR8QUMtVSFkIuRrbrYb2VbRcFc5NM3xm+x2nEfVv8AlNOutHOWvMQFjv8AMYOMj5g/ga+esfw6SneQ7a7gD/0mx9PRWjYaqTdpCWtW2tIcUkuymmz3IyCoAg4+R/CudVcjoxnjJBHUaFUNJV5FSVlPJSlHl3OT86is8pkc58huTqSdTdbRugXwkSMJJwo/PsMmsF8gOllXcL5LkJIKs9jWI55v3V6V4o15bkvKQkqz3KSfnV55dluSrYN19VzOA7Z7++axi/qqVD+7u+OpNsuoHS9s42aTpPUEdttxktLTOaeVPjw1OBzlx4hc6KQko7pQ93BCc944J4AwbHeDK6ryysxCnc4h1xy3MEMkwbky3/DDKC4O0cYwLguy2i7vWP19WWJ6yNd2h7au92u162s9k1ZHcYSzFalRXJz7hcSoRksu8sLeSChOUHuoHBxg+9jnA+J1OLwYjieEyVFA5r8z3MlbE0ZD96Xty3EZs42dYgWuDYqmQNcFz36gturLrzSjE62TG79fywo3NiyIQtDSkuLb8xwFYQjmpkrDalFYGMDHeu+UHZTxRHiVSykpjHSMcOW6Y5SQ5rXhrdCXZQ7KXgZSQbkHRbTBMcrKMiNpL4urSdLeXh4quzN9uW3z0tS0SFNZQ2G5iu8MpSDhCgVcsckDIJBSsd+4J1uM4DU0dUKatZlcL6jZw8Rt89QV2TC8YiEJnpH3b4HceR9FaTpI3u0ruo+vTcy3vOXP4N1Lb6WPPUgI/uBCVEknHbuAMYODio3VUZpzmfsVJ4sUfOwSQv23G3W25ICnWDsh8G3b5smMJOnUBCeMxLtvIPrSCgBaXgUjktJITgoHp+Z8jqI4rOB0WLU1bpy+K/f8rO8PK3kd991Deuuqy7dNW7sKLZHZ1zgtqLiGFOnnFQHFJSx6CUcfT5gATxPmZUgqJUdpBWc1pLTr06Kn+z7JYhzhv77+e1/L3L90PvpH1puzdWodkcitXtlyTc4E6QuGlLqVqW262kAIHIqLeOIytxHt3q1JNIywc+xP1qVky4HH7KSy55drbEkEa6Ekm25t4L6p6gmtG3RC7ZaJcEOLy4zOYZeSggEYSviTnH49x+7tUhoBUkhz7OB6qJYjTwRAxudY+Vx8dfFZnUFssO+G3ji0Wm2yEeYt9uCmOlthD60+twtjAK1JR749WACR2FbWWsY13Ke0jqT0Udgw+W5mjcHeAJVaomhdVbXW61MadZXpZix6vb1NDuMgOGI5IbQhDSlISkrQgDkMcTy5EYAIFYWKxQVVHLSyC8bwQfQgj9VlR4W6Z+SQjMQRb3rsNtJ1HaX3gsbUu13OP5qmg44w4vgts/eAzjlxPYke3bOM18TY7whiuFPPOjLm30c3UfLYlQ7EsAraF1pmXB2I1H7j0IC0LfXq9UhFw07oKxK1xqFCAy3HakNNMrkL/ZN83DxV7FZx34IWQRxzX0B2DdkxrsapqvF5nU7R38zc2ZjQLlzsuo6NaNiXC+9jlT8PSUtA6sqwAT+FpNj6nzG9t/FRr0abv7z6U3dY01uxoC0WC261XMVa7lbVtOZlso891C1tvOhaFI83ionJcadAKlIcCPob7VfZlgMnDP8AabBMTmnkpCwPjlcS3JI4MBY0sZlcHZbgDVpF7d28Oa4/hcumfSp30JPP/uCh/wDW3XGuwQf+3pXDrM7/AEMVL+ik+u3KhKIqYeN1OdtHTXaJzbTb4h3MuLbcB4OJ8s+lRHsPbv8AI4zkZB22ByRtrWcw2vcD1V+A2cuP2nt4rnoXVEkQzEuMePbozr1ukyUiYDz8tLSFBagnHmoUBxUDyKcpwSjUY52ZUHEELjA7lSN2IByF1yH5rgXJLbGxFtDax1tGLOTlNv8AdW42RuCbxqixymiryXX2XUlXbsVAiviHG4HQcyF+7SQfdosZg7yvSp0hpPf2AqATSACy24bfVY+9SCiGvBOewOPkKwswDgV65Yuz3Dm64134lOfyqiomFw5UhUe6uepL9TZ+oXjrF1q6sQr+iLAj6hkQUxJEKXCjxWQ1Heb5FaFyXCHApa1cgDwRwH6z9gXZBw7UcL4dWS4ayR0gge98kLJC7mtkc85pGusG2aAG2a0WJGY3VEbQTr4rX9yt3dv0dREbUEbeKTcdtrLcHLJdIrN3uky6lLtyd8stSUJUkxRb0tqKvOKlpakjip5ZUeq4VwDRwYScLGDwsqJPvWDlQNYS1ouSw65+abfhs0uj1awAKlwF7ELSYuotHdTO29m0/YYNzg367XRbcmdZNNMtwZq2bpcX2ISkuKjxvMdiPQ1AknPwjaFj0isPj+PFOFKs8SymJ1LBC9r2yyuDmc2KFhmGRksjgx7ZGloA/vHFhGZVyMs3OBt+ykReqL1txrCTNtemLhf4MzScCNGs1lu8KbZYz1rucGXIlIlGQFFTsiGeRWyHUuSnlYc8rDmjwvEMM444dqMHgqDTyscWvfNDJHMOfC9rGmLJbLkdcBr8pY1ouzNpQPvG2Hqol6dtfXzZe4aNvemNES0aL1y6xYrM9d79DelTnG5cp1QePk8UJcWtxoHygUoSspKlnJ6lU8PuqoKqHG61j6uP72TlRPZG1vLjYAwGRzjZrQ83eQXkAgNFkYHAG/Wyg7dfTWpLHfNa2e5x9LMPWS8oeubjDzz7SJSx62oicBRCUrfK0OKIQhHYteWV1F+0LhTCazCBXRtc8Ojc5oIDT3QbOc6xsTYAENseoJNlk0lfPRy82I6jfwPl9bL3WPSmqOl3ciHdLCy1NhRlOupLyslboQshJPukknPEfb45CgchP59Q4tTYnT985XXHu/cefTZdO4exiOtjzwfiAIcwn8vEFTBYfFZtGtGpkG+/SdjfivJQ7Cl8Xg4oKGVtO8eysE9jg49j7k01OCVcbQ5pzNOt1NMIlpJiQO68af031Uda11XBuO8k+Vp12bc2JnB5Tq3QJiB2KmyB27HAxjOUjse4qzE1zG2dopiZM8AbLYEDoNPULL693x1JtJJssy3NSLNqCHb3ogeiW1xmRIbTnuRgj0nBz3JA9z2rZ0cb5ndNFq3yUQYWTd5riNL3+FloOm9V3+UhE2+wbw0iWFSXl+WXpkxJUlRLq8gpBKQSScjJPv3G4iqZG35RzW3PQfqVVNQ0VXGGPaGE6AWGa3poB8yt83C1M1pS62iTp2RcLXFet6RLtxS1MatqwSpSUhRUXCQEnLhCuxHYD0VU+JumLmzC+u608+AilaeWR4D087W1PgvhtbuRedUX9yzfGWq6xnnOaZzj4iOtKSfMCSxz4uFCkniEjn6slSvSlO1nqAyncCDYg/Xoo2KR5qWS3AcD0108DpofXRWfu+sntTbl2rT85h+TYIDfw0qHGkCS0ttI5F3kn0hZ5++eQ5AHurvGWTHlW2cLe9SCClayJ8oPedc3sQQegI8NPoL+To60XvZ3XEe26gG2SrZLF003el5V8GWm5KFoccSeRUWJK2/QkKHIKHNQ9W/4L4mxTAeLKHEKOiNZE/NDJCCMzxI5haW3s27Xtae8Q3oSASVAO0LDql1PDKw5iy5da/UAXtvbfXX4L7eF7rdW8m5F5u2rd7blubqy1NOOQrQ69NEOA2shtya2mShHJagQ3lCE+Wlagc+YMTf7aGL47SYDTYZSYJ7DQSuaXy3jc572gubE7luflA1f3nHO5ot+E35U06d5dZ+k3vtxLI+dwX/y265F2DstwyXeMjz8mj9F49ShXaFQlEVRfGT1KxpDpxtE+UlCoqLwhp7l8kKacBOPn+Xz9h3rAxKgkrIDBCe/uPUa9FUL7hcbd7eng6vcav2jXmV+QI6WmobiG3o6W3EucmVlXAnBKuC+xVxVnIFYXB3ah/CnHC8fa4C5tIbk6n/EOo3AI2XglAFnKzvTWHbZD0k2/wCal9hmKh1Lv7QKATkK9vVnOa+TOLZGSVdRJHYgucQRta528ljt0Nyr8F08B2+QrkM51ut0NtFg7pdvhZy0lI4EgK7faBFWHMu0EHVUk2N1irzObsrikxuXnKHdROeA/AVYZ95q/YKh5tsqY9QHRTfd6V62gKs+h239TXr6Zi6oeeUu5R2wloCIofDFwJ+rIyHlJSHFYSQEoH6Kdl/2ueHOE+G8MoJI6h8lNGInRNDBGdXEyA57G2YaGMOcQLu/E40CQMblK3Jrol1hqvUk3VD+rbJpW+uWZqxQmrPBM6F5AW4XHnvODa3Hil1QSU8Aj2PNJIOlxj7amGQzxwYfhb5YAXOeZn5JCSBlDMmdrW5mgvBzl2lspAK9c8uId8Fte1HQDp3aC+Wv6Ov9/k6es0wXaJaZSY2G7gD+385tpC+JBP1YwO5GeB4VyPjf7X3FfFGBz4TX08LZJhkfKwPzGLfIGuc5ua9u/vYbZu8qXONiF8ToTZTU1x0dpyyX5m1O3CFdYVlj2a4qb+lI5cb+NaDvqK+C4qPSF5SGiAOIIDB+0nth4fZiuPzROfZ1P7TJPG1xjdlPIJabZczZNCWkHMCe8QrTXC9wVg9ytH7A7F6kiQ52mHLpLuguCWWmJLtxTbHIzYuLrLbTj5+GdXlKkJZSkqUpIyAoZ2PDvGfbRxZh5qaXEnRR0vIOZ1oi8TONOx5eIxzWN1D3SOIa0E9DakvaAvLs/ursVvluBO0vozR8VMxu1x7im4nS6oyHEKWpxKC4tpK0+WoIUkrwglaeCiRgavtS4O7VuH8Hixvi7Enva+V8ZZ7VzHAta1uazXlpDgS2zbuAac7QDr5JYnVUv61945+1++eo9NRLVYZlibLMRMiU8sNSnVg+a2XEngjgtKmzkgoWjv8Aun3Z32bQ4jw3S4zPLK2V2dxa1ou1rbZXZT3nZgc2l7t2G97NJJJDIJonFrh1CrB1a6Qjx5J1XYZSLnaJr/FMtlwOIU4PSpLihjOSknkPfv3963eCGcN9hr2GOVg1aQQQDqNDtoR6LoNLjpmtVM0ePxD9fQrG9Pu+atL3FF9XcFtXWC+l9t15XNGUKClpWPtHKQcY7kgD51TiGGOfIIraLqNFi8UtCZL3NtR+avhvd1P2bTUmzPvCPMfukJEpamo3MR46kH2b7ALCGyeS/SMY4r7hOhpcOzNM8movYDxssmmJDuQ24y7nw3KjTU++V83ekrh6YtXwVtPmrl3aWtJkx2GzyyQEAIWpBA9ClDGAE5IrcU1O6VnLDcoHS31tssh0opJBI5wN9jre/hb5+RWsal0hLgaXjoVMky2Y7a2YbTyC2pQCUZThwkpc7Z4HAAJxgjFeSxNY4uZawW2jtKxpeDd+trgHpptbrve6+OhpmnNJToU8yLxapcNhxyS4tY4mSlx3yvKCACCUKaR6iTlLhKgnHHArqueRjYmKqmwNtNLLO/UPIsPLay3ay9Qj8XSSorcUvLLZW65I4l9zmocyMjBBBGPdQ4gggciaoC1n4gCr9Tg7XnmBxb9aKV9uNcStIWRa7jPtNxgygnyZLEp6SCjIBSrBUEZJPcnPJKeyfZVJrHtkDIGkkanyt4LUugbUsDJe6dh0v4HX61ViumC22uPuyxbLNoxmyps8QXSReIVmiQIjzbrbzCIiltJS48tSip0eYCUpaB5evBlPbXx3LU9nBgxiqElRUSBkcZc50gbG5jzKQ4kNGhZcWzF1rXBK+fOKKGmpa4w0x06+F/JdJukg520ld8/7Rc/5bdRTsNaBww0jq9/6KOOUo12FUpRFTrxt9PfrL0kQ4wCStd5QE5IGT8NIOM5GM4xnPzrFqq40mWcdCL+n9N/NVscAdVxXvKtR9PmubW+48+m0LnESY8NxcoyOSWFPDyVZVkJKDyQcA9u/atZXsw7iOhma0DmBvdc4NblsXBveFgBe+4Om+uisvsQSrEdE28J3g0zZbq/5KLgl4Ny22gQG1hZweJyU8k8V4JOAsfnXzb2lcOjBsQlpGXLLXaT1BHiN7G4v5FWACw2XSoFXlJ/DArgMw11W8GyxN5tLctYcJUggd8fMVgOkLNAvCLqpniM7kag03pDTEbSWs/1U1bc74FwWUQX5z11bQy4HGUsssvKWAXG1YUgpyE5IyDX039mfhrB6/Eq+p4jwz2yhigs8mSOJsTnPbkeXyPjAJyuAs7NqbA6qwbE6qru2fiCbgJ1hcjq7U9xuFlYfVZ4jUDTqEv3eQpv1pjllBR5ySptSCqQkcVpPBQX6PqfjD7N3B5w6m/szRxxVDmtneZKq7YWZ+7zOY4PMbgHNcGwF2YW5jSLOtEEi7fr3qP8AYfrO3T09Edsuk9e7h3tbcZpu1QjpyNdnnFlUUKAQtx1zilCpGAFYHFnJSXCkdL7QexPgColFfj+EUVP33GV7aiWnaAGy21yRsu9zY7jLc3kIBy5lQ8693RSTpLqe3Dc2h19edP7o6bh32bfPh5MnUl9bdvTURllLS3G4rYVFjshxa1pUwlRUXAhKlqSjnzrE+yzg2PiTCMPxjAp5II4A5jKWAtpnTSOL2tdK8ieaQtAa4SuaBlLiGtLgKQ64Fytd/wCyRpjcrZfT+i1bh7qwV2u8fCIlzlaZt1yJY8x5NufWlt5DHJa1OlRIcSUoSo5VUxh44LsB4kxjiMUeESc6lzmOMVssYDsrPaIwZIzLlaBGABkcC5zBpe6A25Fl8rlo686b3ckak1/Z7DtDerRb7w9NudyZduqr0pp2NGbEOO64APLZktojutqUpxbLjinFHJRXTY3hlZw5Hw9whUTYzTzSUrY44i2nEAc2WUmeVjCTmlY6SeN4a2NjmMaxtrOxzoMv1uvV0ebWXDeDfGUxZ7nfNPIfhIkuT9IfDSIsN6Q3LEd15bLbcSGtlhsNEMgOrcLgSoeYsN6jty4yo+HeE4pK6niqS2QtEVZnY97YnRGRsbXPdPO2SVznh0hMTWZSWksYXiNLfX16LRNyOmCLad4dXQdFX43232a42Gzs3uK75q7lKkBlcsocRI+se81Ty1ILT6UoQoKU3xHK9Nx3JivCdBVcR0wp5p4q2fkOblEccedsAs6Lux5AxrHB8bnEghrrnLVbr56LYt59oYuirG9pCba0R7XKZVHU0Gwkobz6Sk/3gRyyckkZOcnPxvg/EM1VU/xPmFz73JJvc9b+XT8lYhqnxv5jTquem4+3l46fNyPgZocdirWJMeS2ooEprkMLQfke2Me4OR7iu8UNXBX04ni948D4FSzC8WexwLSrnbZGNvlrrQkMLekxUQfj5bUhAUhfw6eAASRkpKT3wcAknt3NRuSm5fLYPP8AMld1jrGysmqI9M1j8gAre2/bhm4xrYiyW23QIUF1hT6pduSYc9zmorQ4zlHJKgQMjHZA7kEAZTpGsAaBY9Vp2nMXGR197Abi3X66rA716U02ufHsUaTBTcbh/Z7hMQEyosdlshawGk8uS+Seye2OIHvnEVrKtssojDtddipnQMnbA+odGcthYEa6+u3qob2V1jFDtz05ddM2wXLzi6ETIaELjKbTyH20gpxg5/H59iSNVUNkv3HaH63UlZFE4snlJGXwOhv5dVpu4moLgrU1wuzQTJ4essh5KELUpXFARyPqTlWBjPvWRAWuAgccpusnEYnRDnwguAFv91gtq9x75Ov7EeLGaXOjPtt8ZKchsJIPllK/SEhSQeJIH41u5IYoGh11FC6Spa8Ze6ND01+j4hdSemfVuqtU6obL7y3dPQWVNLYD0Jr4NSokJSErZZUtZV5wlj1qBSQoEKHFR+aeOJop5HzSG8zjvZ2oDnjQmwtly7C1veF8oVskr6uR0pvYkfAroZ0mN+Xtg8cY5TnD/uIr6Q7EG24Wj/6n/mrBUn111eJRFV3xbbOi+dNFtjuBRbcv7SV8ffiYspJ/41psdkdHSF7dwQi5H7jwF6FXaoV9s6b/AGeGpLse4lkLdgvIU44lXfOMBtpPy9z6j7VzZtQJzJJRS8qRwsW3sHAgA7erirJdm/Cth6VNvmNkoFptSZjU9TT4affQz5XmOqcUvkU5P4hPv935DtXN+PMYdjFRJVOaW6aAm9gBb+qtSG7sy6ZpVyjoOe3EV8/VEdtQt63a68s1vzUKT/eBH8K1kzQnkqh77dOO8m9m6dyhv3jTVj2/jR3kR1WpC0Xe6NqSD8K66oEttrWlIc8paQpKR2yfT9U8A9ofZtwvgVPNT0s9Riz3tz84tNNCQ63NjYCA97Wk8vmNdlJJuNjjuaLEHdRL4V+zWvbm1ZtRXuPdrXpCXaJjkhEn6lF/luuNtsOOoU6pawmMgcXEtNAJQgBSwpVdS+1pxnwdC+fB8IMctY2aINcyzjBCxrnPY1zWNyl0ziXNdJIS4lxazRWXxi+gWq7a9D+7+zsfSuibVbZzNw1HbHoF91NGuKVW7TUCTIQuUzHQokmYUMtpLqeKSCEoQTyeqS8Tdu3Z9xI6u4orZmllNI19PSOjdzaieOMthkkIAaIGue48u5NxdzrWjNL23Ks3tt0obX6ZTJ05q2HoK9XyTc5MiDGWhpEj6P8AjFyYsQtqPNbTSeALZ5IJRkg18q8S9s/GdZOzE8AnqYIWxRtd3nlvN5IillDgModKc3eGVwDraLxrmgWJWWlStF7wb96c1vp7VFtvR23gz7aqNblJfabdmeSkKLiTxHFDLyeIzkqHcccGOw4vjmB8J13CtdTOYMRlhlL3mxtDnNrbnM57XZjbY2vfSnmNGyiS89ZGxm6err/uA7BuOq39N2ZmxutvW9Pw7rL8scQ02+EkO+YoAqVxPHt7kAzbCsA47wbCqfhmmnFNHPMZw5ryHh7I7d5zCe6G6ga6i/RU8wD3rN7ZdYmlFGz3LROiI9tc1lbnlvOPyVsxY0e2SRBaaCIrUgp4+byADaEISv1KByBpOIuEsYq2vpcexAyileS2wzOL6hvNe4ue5ly4tsS5znEjQWAXmexup320250dtW5e1aatMK0HUlwcudx8gn+0yF/aWQSeI/wpwkZOAMnPL+J+Lcfx/wBmbjNS6b2aMRR5v8Ebb5W7DbxNzsL2AVxrxsom6s+mlrdBtybF8nkEciQcK7D2ArbcKcSGitG9Y8sYuXBc8Op3p5Z15om56clxlt3eEhx60uqOCh8D9nk/dXgJ79s4Pyr6L4U4iNPM2a943WDv3935XVNNUFj7dCq9dKe/7mhNa2J+6tpcOnnpEF5okMrcacbKS2VH2KFI7ek91+x9q6niFM7MCzb6v+a7Lw5irH0xZKdbflYt/K3vXRSHvvDuTlrWuRd3YVyCPMcbddQ4h85LK0t5wMJynl39ZISOOQdJXwyFhLDY7fXipdgvLllzvaLbjr6/X+6ira7qmt2yWtWGL9AZnxbbMLTK3UFC1ICjgqIwc/Z7j+Rz3iFPTlszu7qumYhSsqKQ5JMpI1WP6hptz3R1trHVOlbROcizXEssSJRZDTMYIAC1EYSFLwOJHsOQz2VWRDEyM5XbLGo3ZKeGFzhmA1Avqf2HVRRL1Pd75AjRbhbE2+6RXW4QCooMd6MoqKiocfYH+iifkKrNEH1DXM/ZbaLFn0kUkcn4XDbe5uLWCl3pksVh1fvLpW1W1qPHub036tjiObrashvmcpKsJCMEp7czkEe1msZLHGS8kt/Ynbx22Wrx3EqWCllmYRdou63pfb1VqYHhK9Sm5k2Smdu1edM2eS8pbcPT0OcY6Wyo8Ukp+GSsgYHJWSfck11zCu0/gmgjjOCcFPqJQBeSdjG5nW1dd4ltc66WsvjWukNRO+a/4iT8TddLfDO6Vbh0b9L0XRdzutyvUtq4yZq5k9KUvveaQckBa8DIOAVE1uJeJ6zH3fxGtoWUTjoImEFoDdAbgAXI1OitgWACsFVtEoii3rB2Onb/AGzMizWx9hm5RpCJ0ZLw9Dy0BSeBP3cpWrB9s4z2zWvxSkdU0zomHU7IuWmvNHybLdp9pusRUeVEcUxKjPowUEdlJUCP+or52xhktNO5kgLXt+I81iBpBJK0bSUURNVMIWnAD/bHbCgrI/r2qOYoC6AnyXsosuisMlyAycggoB/pXFqhpJK3Mf4dF8ncn92K1kreq88145ABTn3/ACrELeqFeEthtAAGABjt2x+6rbmFxu7dUOUDdYHSrd+pLUmnjBuEWDb7dDnRpiH3Dl4yEIbSUtqadbVxT5pOQlWeHFaO5HT+z7jOjwCmnbPGXPc5jm2H8ua4JDmuF+7axt+K7TcLFlALrLC33p70nt51SK3Mv+vLBY2muITbZpjxgpIg/DclOuLBSsLJWCkBOMJ4ZysyPCcWx7FeGv7O4bhs0zurmNe7eTPs1p0/w94k31vbRW7DxWs7abu9M/STabkxb9wrI+u6KQuWuE45cErUkHPER0uDupSzlRUo8u6jgVOsR7G+2LjF8T3YNK1rL5c4Edrkf/YWnS1ug02Gt6mtFgFDVs6o+kfZCDc4ml9Lahu7N1caclpYhOuolFp1LrfIzHknAcSFYxg47g5Ndgh+y123Y2YpMUnhg5d8uaRt23GU2ELHC5BtcH0VssN7ALHyfE803dQi3aH2TmXgtuFbKHX0JWhfJa+XltMOkq5OuK+1nLiznKjmRM+xPiVODU8UcSxQX/FYHwA/FI+MbADbYDTRVclxXrZ6o+qrcMFGm9m02dlwEocn2qU0oAd+zj7rTZ/096wJOwjsJwXXGuJucR0ZJGf8sbZHfNeCn8SvHeNF9amrmALtqKw6Mhv+kB+Tb2EjPy5sodc/rmrDan7N2FOy0dNNXPG3dnd/qdG0/Cy8MbR+I/NRvr/wleoLc8GY/qfUOs5Lp9QskW43VgE/IrCUIT/HFbqLj/hqVwj4b4bfEz+Z7GM/Rx/zK2MjdGNuof6p/BZ326Y9iJm6V40DfGLHZXE/S8l12L5iW1qATIUw26t5KUq7KUtAA5pORgmq6uqqK2Qyy04iFuhv/t7tFv8AB690UgDtAvt0tb9CwaWt/NyI82ohaFNPqPku8UkA8lJWhQyruMY5ZTkYqNVLrFzDcG35LqeFz5mtI7wv7xfcLcOo3p3uer227mDFiyn0pQp0cUtOIyR3J9irCCCSPStPfuKi0FRme82/2XSZpRy2ZCR4rAbQ3DcWyWS7bWIuCrfY9UrYU9DVGbeRJ8tWUKbdKSttKuJPJtQyUjOapqJgAS3crZYfRQyytq3i5juRqdPG/T0utm3+6VJ2xer9HwbDLevly1JhlcZsFLynCCEpScg+vmAMexx3JIAw6eZ9Kc8pGlz5WWTLLFiEUjy0tDeunTqri+Ff042fbnrn0VeF21lzUTEt1qUt5Ic8tRiLbJPI5C0lWASkEFPbPubXD+MVMmLwMcbxkmwPS4NlFuPIaY4BPIwAOLW6jc94fEG3wXbWu5r5bSiJREoiURQf1e9GVt6jrSbjb1x7Vq6IjDEtSfqpqQOzL+BnH4LAKkH5KGUmM8ScM0+Kw2d3ZBs79D4hUuYHDVc6tbbRTtv9WP22822RbbpbpAcdYcThQVn7QI7KScdlJJSr3BI7183Y5h1Xh0zqWpbY29xHiPELDkuCSVltwPF5212pvdwsLtp1lcrpZJDsCQmNDYDIdaWW14Wt4HHJJ78fb5V1fhf7F3GmPUMGJiop4oZmNe3M55dleA4XDWEXsdRfTxW5gbIWggKMrz42k3UMpUXSW09wujyuyFvXQqX+7LTTCif4LrpNP9g6kpGCXiDH2RDrljAH/k+Rv+lXTDLe2ixkrrQ6tNzElGndoEWdh39m89YZaFf/ACSHEtn8+OKqf2AfZ9wPXG+IDK4bgTx/6YmOd81S6F1rFy8T+2XXJuijFz1HB0kw57Bcu3xQ3n/FEQtwfzzVp3EH2WuH/wDhaJ1Y4f8AJO+/n969rFadGz/Efmv6t/hG737v4Tq7e66XIL+21CduF7H5BK1tD+lbGl+05wJQDLwbwcXnoeVFH82MkPzVg8sagKQNvP0ca1PlKrpcNwLssnKyxHjWlK/zD4Wr+RrMqPtVdqlaMmDYDDTt6cwuJHxdEP8AKvea0aNap12//R79tLMlCpekI8xSB9u7aglKc/MoYPlmo7V9pvbnin97icNM09I42XHp3HH/ADL0ynwU06E8HrbPRiEKj6Z0JCcT99rTbT76fyecPL+YqN1WCccYprjXEtU8HdrHOYPk63+VWru8VLFj6ItK2eMlgzr27HAx5CHWo7Q/INNpI/1VrGdjuBOfzKx0s7vF8hN/hZCCdCVnrf0l7e29WVadbmp+aJ8t+a2r80OrUk/yqTUPZ/w7Sf3FGz3jN/quvMoW16Z2z05op0rs2n7JaVkYKoUFpgkfmhIqT09HBAMsDA0eQA/JehoGyzdZK9Xnu1pi3+1SYM6NHmwZrSmJEd9sONPtqBSpC0nIUkgkEEYINEXG7xHv0bJWm73ddedOcdtMeQlyRM0W4sJLSz6iYS1KSFJz7MOKwnvx5Ahsaqtw/md5nwUswXHhAOXLp4HX52/r6KjuoNea8i9Nb+jNX6bmadvGmX2YZgzGvLuCS0SApbSwHUOcDjKgEKCB7Ed+d1WGCmrswvY3vp49PiurYXiXtEBJ1Jtaxvp195Xj0ZcNbztST5Ft0XqG+O6YbQ+49Z22paWVPALKSllS+OVIykJ+yCr04UKtyMpmhrpXAX2vopLRY82P7kEgHQjx+vitx2O19qPX2/Fg1bPstyRJ05dYzElmSw4w7F5EKXhs8TkoA7BI7LHcds6zE3RMZkLwc21jp5LcyTR1ML44gW3aei6Y9Dkm0bxdWVnv1lYfkPNOyH5ClMuNmClKQCHEq+z6k8R7YKwMA1pOFnT1HE0MTGWawEu67A9fW1vVQTjISUXD74Jnfiygba630/NdJa+i189JREoiURKIlEWg799OmnuoPToiXZksTo4PwdwZSPPik/Lv9pB+aD2PuMKAUNLjuAUeLU5p6tvoRuD4gqlzQdCoasPhk6Rhz1zpGm9A/S0hxT0q4/QbT0iS6okqdKlJCuSiSo+o9ye596g7uGONHwNoXY9MIGANa0PksGjRoDQ9oAA6dFlipcGhoKkqx9JVqtUVLJuUpppPs3CjtR0fyIV/StUOxagndzMSqpZneZAv8Q4/NWzM89Vnrf036VhkKdiy5ix956W5g/5UkJ/pW+o+yThansfZsxH8znH5Xt8lQXuO5WftW2enbGoKiWO1MLH30xUc/wDVjP8AWpbRcMYRR/8AC0sbPMMaD8bXVKzaUhCQEgAD2A+VbsAAWCL9r1EoiURKIlESiJREoiURR/vx0qbc9Ttpah6+0bYtTojgiO7Ljj4mLkEEtPJw40SCe6FD3qzNTxyjLI26zKPEKmldmp3lvp+o2Kp5ux+jybZXTWH61bd6r1pt3qZlohtUab58R1YTxSpaSEu8sAJUoOZUB6uRJJ0VbwzTTx8tpt8/dqpLR8aVcZ+/a148LW/LqtW6ffC33xu+tIcvdi66SRI08j4ODdLVcXpf0gxzWorfYcbSku+r3HDPYekJxUDxjszfWx+zRvDGk3vuQfIWF/ipPF2gwUrHeztLs24Og6bEE2V8dhNibbsZpZUOMzBcnyFqXKmMRgyqTlRKQe5PYH2zjJJ+Zqa8IcLx4HQCkzZ33Jc+1i7U2vqdhpuoFjuNzYlUc2QkNGzb3A06Le6lS0iURKIlESiJREoiURKIlESiJREoiURKIlESiJREoiURKIlESiJREoiURKIlESiJREoiURKIlESiJREoiURKIlESiJREoiURKIlESiJREoiURKIlESiJREoiURKIlESiJREoiURKIlESiJREoiURKIlESiJREoiURKIlESiJREoiURKIlESiJREoiURKIlESiJREoiURKIlESiJREoiURKIlESiJREoiURKIlESiJREoiURKIlESiJREoiURKIlESiJREoiURKIlESiJREoiURf/2Q==', 22, 'S', 1, 0, '2019-11-27 09:56:00', '2019-11-27 09:56:00');

-- --------------------------------------------------------

--
-- 表的结构 `shoppingCar`
--

CREATE TABLE IF NOT EXISTS `shoppingCar` (
  `id` int(11) NOT NULL,
  `userId` int(64) NOT NULL,
  `tabId` int(64) NOT NULL,
  `number` int(64) NOT NULL,
  `ctime` timestamp NOT NULL DEFAULT CURRENT_TIMESTAMP
) ENGINE=InnoDB AUTO_INCREMENT=46 DEFAULT CHARSET=utf8;

--
-- 转存表中的数据 `shoppingCar`
--

INSERT INTO `shoppingCar` (`id`, `userId`, `tabId`, `number`, `ctime`) VALUES
(18, 1, 76, 4, '2019-12-06 12:42:30'),
(19, 1, 113, 1, '2019-12-06 12:50:09'),
(20, 5, 15, 1, '2019-12-07 07:08:27'),
(21, 5, 21, 2, '2019-12-07 07:10:42'),
(23, 1, 12, 3, '2019-12-16 07:56:28'),
(24, 10, 81, 2, '2020-02-10 12:07:09'),
(32, 1, 72, 3, '2020-02-12 10:43:53'),
(33, 1, 104, 4, '2020-02-12 10:44:07'),
(34, 5, 72, 2, '2020-02-12 10:46:05'),
(35, 1, 28, 3, '2020-02-13 09:56:33'),
(36, 1, 105, 4, '2020-02-13 10:18:36'),
(37, 5, 18, 2, '2020-02-13 10:45:58'),
(38, 1, 17, 1, '2020-02-24 06:24:29'),
(39, 12, 72, 1, '2020-02-24 10:40:46'),
(40, 12, 104, 3, '2020-02-24 10:40:51'),
(41, 12, 88, 6, '2020-02-24 10:41:01'),
(42, 1, 72, 2, '2020-02-25 10:31:11'),
(43, 1, 92, 2, '2020-02-26 06:01:51'),
(44, 13, 72, 1, '2020-03-29 01:45:09'),
(45, 12, 72, 3, '2020-04-02 13:36:35');

-- --------------------------------------------------------

--
-- 表的结构 `users`
--

CREATE TABLE IF NOT EXISTS `users` (
  `id` int(11) NOT NULL,
  `phone` varchar(255) NOT NULL,
  `user` varchar(255) NOT NULL,
  `email` varchar(255) NOT NULL,
  `password` varchar(255) NOT NULL,
  `idCard` varchar(255) DEFAULT NULL,
  `ctime` timestamp NOT NULL DEFAULT CURRENT_TIMESTAMP
) ENGINE=InnoDB AUTO_INCREMENT=14 DEFAULT CHARSET=utf8;

--
-- 转存表中的数据 `users`
--

INSERT INTO `users` (`id`, `phone`, `user`, `email`, `password`, `idCard`, `ctime`) VALUES
(1, '17680159093', 'Prince', 'www.609103450@qq.com', '1234', '', '2019-11-27 03:55:14'),
(3, '17697680345', 'user', '39483@qq.com', '1234', NULL, '2019-12-07 06:56:44'),
(4, '13874939456', 'jdf', '3484@qq.com', '111', NULL, '2019-12-07 07:00:02'),
(5, '15116411678', 'lili', '12345@qq.com', '1234', NULL, '2019-12-07 07:07:48'),
(9, '17680159093', 'lijiancheng', 'www.609103450@qq.com', 'qwer', NULL, '2019-12-16 13:15:58'),
(10, '17693462384', 'dfd', '3847347@qq.com', '1234', NULL, '2020-02-10 12:01:12'),
(11, '17865389283', 'eee', '6987454@qq.com', '1234', NULL, '2020-02-24 06:18:32'),
(12, '13866666666', 'hurry', '12345@qq.com', '1234', NULL, '2020-02-24 10:40:30'),
(13, '13975157118', 'igxa', '2568410339@qq.com', '.12181218.', NULL, '2020-03-29 01:44:09');

--
-- Indexes for dumped tables
--

--
-- Indexes for table `dogProducts`
--
ALTER TABLE `dogProducts`
  ADD PRIMARY KEY (`id`);

--
-- Indexes for table `dogSnacks`
--
ALTER TABLE `dogSnacks`
  ADD PRIMARY KEY (`id`);

--
-- Indexes for table `shoppingCar`
--
ALTER TABLE `shoppingCar`
  ADD PRIMARY KEY (`id`);

--
-- Indexes for table `users`
--
ALTER TABLE `users`
  ADD PRIMARY KEY (`id`);

--
-- AUTO_INCREMENT for dumped tables
--

--
-- AUTO_INCREMENT for table `dogProducts`
--
ALTER TABLE `dogProducts`
  MODIFY `id` int(11) NOT NULL AUTO_INCREMENT,AUTO_INCREMENT=120;
--
-- AUTO_INCREMENT for table `dogSnacks`
--
ALTER TABLE `dogSnacks`
  MODIFY `id` int(11) NOT NULL AUTO_INCREMENT,AUTO_INCREMENT=5;
--
-- AUTO_INCREMENT for table `shoppingCar`
--
ALTER TABLE `shoppingCar`
  MODIFY `id` int(11) NOT NULL AUTO_INCREMENT,AUTO_INCREMENT=46;
--
-- AUTO_INCREMENT for table `users`
--
ALTER TABLE `users`
  MODIFY `id` int(11) NOT NULL AUTO_INCREMENT,AUTO_INCREMENT=14;
/*!40101 SET CHARACTER_SET_CLIENT=@OLD_CHARACTER_SET_CLIENT */;
/*!40101 SET CHARACTER_SET_RESULTS=@OLD_CHARACTER_SET_RESULTS */;
/*!40101 SET COLLATION_CONNECTION=@OLD_COLLATION_CONNECTION */;
